ID,世帯人員,就業人員,居住地域,住居の所有関係,就業・非就業の別,企業規模,未既婚,子ども有無,年齢階級（5歳階級）,年齢階級（65歳未満か否か）,集計用乗率,年間収入,消費支出額,食費,住居費,光熱・水道費,家具・家事用品費,被服及び履物費,保健医療費,交通・通信費,教育費,教養娯楽費,その他の消費支出,１ヶ月平均CM視聴率,CM視聴率の高低,割付（A/B）,購入意向
D1,2_2人,1_1人以下,都市圏,1_持ち家,1_就業,大企業,既婚,子ども有,1_30歳未満,1_65歳未満,538.5333333,4216755,541403,55410,897,13965,8725,6693,2061,15578,0,21878,416193,9.9,中・低視聴率層,A,2
D2,2_2人,1_1人以下,都市圏,1_持ち家,1_就業,中小企業,既婚,子ども有,1_30歳未満,1_65歳未満,538.5333333,4737544,164740,27001,1413,12142,4130,5578,3434,29252,0,17897,63890,8,中・低視聴率層,A,1
D3,2_2人,1_1人以下,都市圏,1_持ち家,1_就業,大企業,既婚,子ども有,2_30〜34歳,1_65歳未満,647.1538462,4048339,202050,21496,655,17686,9555,76447,6400,40125,278,21434,7969,17.9,高視聴率層,A,1
D4,2_2人,1_1人以下,都市圏,1_持ち家,1_就業,中小企業,既婚,子ども有,3_35〜39歳,1_65歳未満,531.4642857,4445777,137639,29530,247,14380,12535,18989,1892,11630,7734,10178,30519,4.6,中・低視聴率層,A,4
D5,2_2人,1_1人以下,都市圏,1_持ち家,1_就業,大企業,既婚,子ども有,3_35〜39歳,1_65歳未満,531.4642857,4621847,148901,40207,386,18265,6305,20904,4913,257,6488,10147,41024,15.5,高視聴率層,B,2
D6,2_2人,1_1人以下,都市圏,1_持ち家,1_就業,大企業,既婚,子ども有,3_35〜39歳,1_65歳未満,531.4642857,4648353,181039,55054,8027,15074,4020,6094,8493,10510,12925,13729,47108,14.6,高視聴率層,B,3
D7,2_2人,1_1人以下,都市圏,1_持ち家,1_就業,中小企業,既婚,子ども有,3_35〜39歳,1_65歳未満,531.4642857,5107333,108192,58654,3764,9779,3682,10067,3287,3629,603,10467,4255,6.9,中・低視聴率層,A,1
D8,2_2人,1_1人以下,都市圏,1_持ち家,1_就業,大企業,既婚,子ども有,3_35〜39歳,1_65歳未満,531.4642857,4501429,141645,43033,1765,20833,1407,28680,6532,3665,202,10653,24869,15,高視聴率層,A,2
D9,2_2人,1_1人以下,都市圏,1_持ち家,1_就業,大企業,既婚,子ども有,3_35〜39歳,1_65歳未満,531.4642857,4654604,157118,32553,47552,11138,1165,4560,2909,1048,512,7099,48578,16.9,高視聴率層,A,1
D10,2_2人,1_1人以下,都市圏,1_持ち家,1_就業,大企業,既婚,子ども有,4_40〜44歳,1_65歳未満,585.8870968,4836156,180531,48944,4818,8400,9126,6807,33438,29532,5638,10575,23248,10.7,中・低視聴率層,B,1
D11,2_2人,1_1人以下,都市圏,1_持ち家,1_就業,中小企業,既婚,子ども有,4_40〜44歳,1_65歳未満,585.8870968,4699051,212674,43279,1645,11056,9047,46690,10142,30036,684,47738,12353,12.2,中・低視聴率層,B,1
D12,2_2人,1_1人以下,都市圏,1_持ち家,1_就業,大企業,既婚,子ども有,4_40〜44歳,1_65歳未満,585.8870968,5564433,240705,40303,23235,9461,17759,7519,32076,19067,897,32818,57564,15.5,高視聴率層,B,3
D13,2_2人,1_1人以下,都市圏,1_持ち家,1_就業,大企業,既婚,子ども有,4_40〜44歳,1_65歳未満,585.8870968,5245724,623312,58709,5129,13293,17496,519,1090,35903,282376,94634,114159,10.5,中・低視聴率層,B,5
D14,2_2人,1_1人以下,都市圏,1_持ち家,1_就業,中小企業,既婚,子ども有,4_40〜44歳,1_65歳未満,585.8870968,5128416,157290,37901,286,13530,14733,5578,2145,34138,1906,12194,34874,6.6,中・低視聴率層,B,3
D15,2_2人,1_1人以下,都市圏,1_持ち家,1_就業,大企業,既婚,子ども有,4_40〜44歳,1_65歳未満,585.8870968,4970364,160473,47748,4302,11400,10570,2170,5741,34616,9915,2824,31183,15.3,高視聴率層,B,3
D16,2_2人,1_1人以下,都市圏,1_持ち家,1_就業,大企業,既婚,子ども有,4_40〜44歳,1_65歳未満,585.8870968,5304129,244730,36114,32,25410,1843,24379,2180,35358,1124,93965,24321,16.8,高視聴率層,B,5
D17,2_2人,1_1人以下,都市圏,1_持ち家,1_就業,大企業,既婚,子ども有,4_40〜44歳,1_65歳未満,585.8870968,4980330,157754,34918,508,10309,6943,2206,1355,19439,8147,27273,46651,13.1,中・低視聴率層,B,3
D18,2_2人,1_1人以下,都市圏,1_持ち家,1_就業,中小企業,既婚,子ども有,5_45〜49歳,1_65歳未満,527.519084,5036005,386037,49034,367,11605,6539,4633,10053,86915,623,154428,61834,5.8,中・低視聴率層,B,2
D19,2_2人,1_1人以下,都市圏,1_持ち家,1_就業,大企業,既婚,子ども有,5_45〜49歳,1_65歳未満,527.519084,5176040,292113,34036,241,14039,7670,11229,9566,26864,3177,70485,114801,14.9,高視聴率層,B,5
D20,2_2人,1_1人以下,都市圏,1_持ち家,1_就業,大企業,既婚,子ども有,5_45〜49歳,1_65歳未満,527.519084,5530235,144522,62601,158,18769,650,1306,1714,32182,698,22012,4428,17.9,高視聴率層,A,4
D21,2_2人,1_1人以下,都市圏,1_持ち家,1_就業,大企業,既婚,子ども有,5_45〜49歳,1_65歳未満,527.519084,4980891,243195,74753,671,19847,2607,1695,6221,22705,20545,34246,59901,3.8,中・低視聴率層,A,1
D22,2_2人,1_1人以下,都市圏,1_持ち家,1_就業,中小企業,既婚,子ども有,5_45〜49歳,1_65歳未満,527.519084,5318652,181644,50265,1370,10384,775,3151,4410,24421,64,19195,67605,4.2,中・低視聴率層,B,1
D23,2_2人,1_1人以下,都市圏,1_持ち家,1_就業,大企業,既婚,子ども有,5_45〜49歳,1_65歳未満,527.519084,5557915,150038,59634,313,15786,4153,2565,5857,26852,3328,23581,7964,16.3,高視聴率層,B,2
D24,2_2人,1_1人以下,都市圏,1_持ち家,1_就業,大企業,既婚,子ども有,5_45〜49歳,1_65歳未満,527.519084,5156375,259975,51188,4053,15652,2308,8249,8833,34188,26725,20845,87930,7.9,中・低視聴率層,A,3
D25,2_2人,1_1人以下,都市圏,1_持ち家,1_就業,中小企業,既婚,子ども有,5_45〜49歳,1_65歳未満,527.519084,4994840,262749,51426,606,18316,8499,17823,5045,32921,5065,29897,93148,2.5,中・低視聴率層,B,1
D26,2_2人,1_1人以下,都市圏,1_持ち家,1_就業,大企業,既婚,子ども有,5_45〜49歳,1_65歳未満,527.519084,5446664,202219,68354,3417,19795,4791,23673,2266,24197,1514,5390,48818,15.6,高視聴率層,B,5
D27,2_2人,1_1人以下,都市圏,1_持ち家,1_就業,大企業,既婚,子ども有,5_45〜49歳,1_65歳未満,527.519084,5204904,172882,52646,679,16615,7922,11748,5868,18909,3466,28457,26568,15,高視聴率層,A,5
D28,2_2人,1_1人以下,都市圏,1_持ち家,1_就業,大企業,既婚,子ども有,5_45〜49歳,1_65歳未満,527.519084,5226641,183807,74409,1987,24740,11204,9137,1592,7582,6885,26438,19829,9.3,中・低視聴率層,A,1
D29,2_2人,1_1人以下,都市圏,1_持ち家,1_就業,大企業,既婚,子ども有,5_45〜49歳,1_65歳未満,527.519084,5430783,338657,36087,831,22779,5890,7300,13134,129410,10215,7627,105380,15.2,高視聴率層,B,4
D30,2_2人,1_1人以下,都市圏,1_持ち家,1_就業,大企業,既婚,子ども有,6_50〜54歳,1_65歳未満,579.9464286,6405479,266367,33681,3631,9800,24009,45171,3786,62634,3682,17836,62133,4.2,中・低視聴率層,B,2
D31,2_2人,1_1人以下,都市圏,1_持ち家,1_就業,大企業,既婚,子ども有,6_50〜54歳,1_65歳未満,579.9464286,6663482,403067,58995,1165,16978,5505,11560,6383,27459,1824,48321,224873,15.2,高視聴率層,B,4
D32,2_2人,1_1人以下,都市圏,1_持ち家,1_就業,大企業,既婚,子ども有,6_50〜54歳,1_65歳未満,579.9464286,6587662,224047,75266,1939,21818,32743,12664,2798,29535,284,29860,17135,16.3,高視聴率層,B,4
D33,2_2人,1_1人以下,都市圏,1_持ち家,1_就業,大企業,既婚,子ども有,6_50〜54歳,1_65歳未満,579.9464286,6755369,262067,77635,2226,19425,1638,20919,2674,25558,10,62142,49836,14.8,高視聴率層,A,4
D34,2_2人,1_1人以下,都市圏,1_持ち家,1_就業,大企業,既婚,子ども有,6_50〜54歳,1_65歳未満,579.9464286,6410111,118166,32683,526,14078,4119,4021,979,18607,156,17378,25615,15.2,高視聴率層,A,4
D35,2_2人,1_1人以下,都市圏,1_持ち家,1_就業,大企業,既婚,子ども有,6_50〜54歳,1_65歳未満,579.9464286,5757469,215351,32913,2158,9886,11849,10231,3113,56317,17,26885,61978,9.8,中・低視聴率層,A,3
D36,2_2人,1_1人以下,都市圏,1_持ち家,1_就業,大企業,既婚,子ども有,6_50〜54歳,1_65歳未満,579.9464286,6652185,273620,43246,3576,11068,48770,18410,7056,14619,3374,42447,81050,17.1,高視聴率層,A,2
D37,2_2人,1_1人以下,都市圏,1_持ち家,1_就業,大企業,既婚,子ども有,6_50〜54歳,1_65歳未満,579.9464286,6293702,384765,92597,1176,30128,5738,23857,2993,39070,19481,34013,135707,16.2,高視聴率層,A,3
D38,2_2人,1_1人以下,都市圏,1_持ち家,1_就業,大企業,既婚,子ども有,6_50〜54歳,1_65歳未満,579.9464286,6554947,361324,66498,926,17226,9496,16905,33197,40880,1289,16215,158688,14.3,高視聴率層,B,3
D39,2_2人,1_1人以下,都市圏,1_持ち家,1_就業,大企業,既婚,子ども有,6_50〜54歳,1_65歳未満,579.9464286,6570371,376135,62303,849,17080,3324,58849,14778,143507,1321,31589,42531,7.9,中・低視聴率層,A,2
D40,2_2人,1_1人以下,都市圏,1_持ち家,1_就業,中小企業,既婚,子ども有,6_50〜54歳,1_65歳未満,579.9464286,6168794,156985,54291,2449,12406,2875,3073,16922,11292,2143,16512,35017,6,中・低視聴率層,B,4
D41,2_2人,1_1人以下,都市圏,1_持ち家,1_就業,大企業,既婚,子ども有,7_55〜59歳,1_65歳未満,584.0153453,6811121,257878,79878,1664,8709,18690,21792,25622,16818,0,13023,71677,14.5,高視聴率層,B,4
D42,2_2人,1_1人以下,都市圏,1_持ち家,1_就業,大企業,既婚,子ども有,7_55〜59歳,1_65歳未満,584.0153453,7039206,375592,52131,235,16238,4531,12459,2568,133685,0,106634,47107,13.8,中・低視聴率層,B,3
D43,2_2人,1_1人以下,都市圏,1_持ち家,1_就業,中小企業,既婚,子ども有,7_55〜59歳,1_65歳未満,584.0153453,6913222,268475,55320,3203,11791,34097,558,6577,90104,0,19299,47523,9.9,中・低視聴率層,A,1
D44,2_2人,1_1人以下,都市圏,1_持ち家,1_就業,大企業,既婚,子ども有,7_55〜59歳,1_65歳未満,584.0153453,6564568,135013,40692,946,8406,3576,3232,11934,29267,0,9384,27573,14,高視聴率層,B,5
D45,2_2人,1_1人以下,都市圏,1_持ち家,1_就業,大企業,既婚,子ども有,7_55〜59歳,1_65歳未満,584.0153453,6545714,367036,46961,4348,14252,3747,59976,9121,8441,0,15738,204448,17.3,高視聴率層,A,1
D46,2_2人,1_1人以下,都市圏,1_持ち家,1_就業,大企業,既婚,子ども有,7_55〜59歳,1_65歳未満,584.0153453,5825770,274448,62647,1066,8208,5803,2078,4662,26343,0,6527,157110,16.1,高視聴率層,A,4
D47,2_2人,1_1人以下,都市圏,1_持ち家,1_就業,大企業,既婚,子ども有,7_55〜59歳,1_65歳未満,584.0153453,6348224,197868,16855,3847,12092,9319,7914,17971,47345,0,9633,72890,12.3,中・低視聴率層,A,1
D48,2_2人,1_1人以下,都市圏,1_持ち家,1_就業,大企業,既婚,子ども有,7_55〜59歳,1_65歳未満,584.0153453,6632365,466052,52367,814,16477,4424,6742,169679,19994,0,57163,138388,17.4,高視聴率層,B,5
D49,2_2人,1_1人以下,都市圏,1_持ち家,1_就業,中小企業,既婚,子ども有,7_55〜59歳,1_65歳未満,584.0153453,6374768,272331,64219,46196,17016,1607,2335,4897,1944,0,71668,62445,10.1,中・低視聴率層,B,3
D50,2_2人,1_1人以下,都市圏,1_持ち家,1_就業,大企業,既婚,子ども有,7_55〜59歳,1_65歳未満,584.0153453,6361790,188775,59170,124,13454,3494,7270,13419,8559,0,30488,52791,16.3,高視聴率層,A,5
D51,2_2人,1_1人以下,都市圏,1_持ち家,1_就業,大企業,既婚,子ども有,7_55〜59歳,1_65歳未満,584.0153453,6397511,394199,73541,124,17724,7183,3887,17193,3057,0,14594,256893,15.6,高視聴率層,A,1
D52,2_2人,1_1人以下,都市圏,1_持ち家,1_就業,大企業,既婚,子ども有,7_55〜59歳,1_65歳未満,584.0153453,6919119,226747,63395,6887,18228,10217,27513,6635,63088,0,8461,22320,9.2,中・低視聴率層,B,3
D53,2_2人,1_1人以下,都市圏,1_持ち家,1_就業,中小企業,既婚,子ども有,7_55〜59歳,1_65歳未満,584.0153453,6525055,543319,77488,295824,11776,4083,11515,10479,64630,0,14060,53459,10.7,中・低視聴率層,A,3
D54,2_2人,1_1人以下,都市圏,1_持ち家,1_就業,大企業,既婚,子ども有,7_55〜59歳,1_65歳未満,584.0153453,6712781,122756,50176,2774,13611,8844,15292,9856,1659,0,10306,10233,16.1,高視聴率層,A,2
D55,2_2人,1_1人以下,都市圏,1_持ち家,1_就業,大企業,既婚,子ども有,7_55〜59歳,1_65歳未満,584.0153453,6508586,274486,35647,2640,14551,6016,5903,5463,17612,0,32407,154244,7.7,中・低視聴率層,A,1
D56,2_2人,1_1人以下,都市圏,1_持ち家,1_就業,中小企業,既婚,子ども有,7_55〜59歳,1_65歳未満,584.0153453,6085431,390705,69447,1065,33636,3680,9513,5174,149416,0,37730,81041,2.4,中・低視聴率層,B,3
D57,2_2人,1_1人以下,都市圏,1_持ち家,1_就業,大企業,既婚,子ども有,7_55〜59歳,1_65歳未満,584.0153453,6284489,173228,85303,687,20793,2283,1523,15213,2502,0,10923,33998,17.6,高視聴率層,B,2
D58,2_2人,1_1人以下,都市圏,1_持ち家,1_就業,大企業,既婚,子ども有,7_55〜59歳,1_65歳未満,584.0153453,6712013,406590,33216,232,14798,5242,9799,22102,38483,0,1718,280996,6.8,中・低視聴率層,B,4
D59,2_2人,1_1人以下,都市圏,1_持ち家,1_就業,大企業,既婚,子ども有,7_55〜59歳,1_65歳未満,584.0153453,6478174,201978,50088,1834,16245,14450,8795,24122,17699,0,11054,57687,16,高視聴率層,B,5
D60,2_2人,1_1人以下,都市圏,1_持ち家,1_就業,大企業,既婚,子ども有,8_60〜64歳,1_65歳未満,571.9666667,5520934,168453,57540,3200,13665,3928,7363,7265,36473,0,7331,31682,15.6,高視聴率層,B,3
D61,2_2人,1_1人以下,都市圏,1_持ち家,1_就業,大企業,既婚,子ども有,8_60〜64歳,1_65歳未満,571.9666667,5062701,231203,68471,6006,20396,2811,21056,5093,6629,0,79142,21594,14.3,高視聴率層,B,3
D62,2_2人,1_1人以下,都市圏,1_持ち家,1_就業,大企業,既婚,子ども有,8_60〜64歳,1_65歳未満,571.9666667,5727393,158394,44156,1781,15418,3418,27101,6884,22790,0,4100,32741,3.9,中・低視聴率層,B,2
D63,2_2人,1_1人以下,都市圏,1_持ち家,1_就業,中小企業,既婚,子ども有,8_60〜64歳,1_65歳未満,571.9666667,5020960,237905,51558,3806,10526,3988,1095,2784,17266,0,77312,69565,11.4,中・低視聴率層,A,4
D64,2_2人,1_1人以下,都市圏,1_持ち家,1_就業,大企業,既婚,子ども有,8_60〜64歳,1_65歳未満,571.9666667,5508573,160874,53052,9451,20549,7280,9673,8359,7686,0,17546,27276,14.6,高視聴率層,B,5
D65,2_2人,1_1人以下,都市圏,1_持ち家,1_就業,大企業,既婚,子ども有,8_60〜64歳,1_65歳未満,571.9666667,5361373,337562,57803,784,14579,4119,8530,10152,42178,0,16821,182591,16.2,高視聴率層,A,3
D66,2_2人,1_1人以下,都市圏,1_持ち家,1_就業,大企業,既婚,子ども有,8_60〜64歳,1_65歳未満,571.9666667,5346845,213933,43558,3238,15756,21252,15851,23297,32330,0,7273,51374,18.6,高視聴率層,A,2
D67,2_2人,1_1人以下,都市圏,1_持ち家,1_就業,大企業,既婚,子ども有,8_60〜64歳,1_65歳未満,571.9666667,5336721,181354,45092,858,17311,13458,7763,2093,43917,0,25632,25227,10.6,中・低視聴率層,A,3
D68,2_2人,1_1人以下,都市圏,1_持ち家,1_就業,中小企業,既婚,子ども有,8_60〜64歳,1_65歳未満,571.9666667,5057433,277494,45910,104,14731,2057,4154,24237,4544,0,50994,130759,11.7,中・低視聴率層,B,2
D69,2_2人,1_1人以下,都市圏,1_持ち家,1_就業,大企業,既婚,子ども有,8_60〜64歳,1_65歳未満,571.9666667,5430618,329454,69222,690,25102,101777,19154,3138,32347,0,20166,57853,15.8,高視聴率層,A,5
D70,2_2人,1_1人以下,都市圏,1_持ち家,1_就業,大企業,既婚,子ども有,8_60〜64歳,1_65歳未満,571.9666667,5408058,408866,55686,2930,18743,7582,4732,17032,164716,0,19843,117598,11,中・低視聴率層,A,5
D71,2_2人,1_1人以下,都市圏,1_持ち家,1_就業,中小企業,既婚,子ども有,8_60〜64歳,1_65歳未満,571.9666667,5041483,279388,63902,288,16434,4853,3057,390,90354,0,9809,90297,9.6,中・低視聴率層,A,1
D72,2_2人,1_1人以下,都市圏,1_持ち家,1_就業,大企業,既婚,子ども有,8_60〜64歳,1_65歳未満,571.9666667,5387090,316571,69629,953,20797,4865,18762,14238,106278,0,26492,54551,14.1,高視聴率層,A,5
D73,2_2人,1_1人以下,都市圏,1_持ち家,1_就業,大企業,既婚,子ども有,8_60〜64歳,1_65歳未満,571.9666667,5279099,198711,31258,1748,17395,8417,11773,866,32735,0,8598,85916,15.7,高視聴率層,A,3
D74,2_2人,1_1人以下,都市圏,1_持ち家,1_就業,大企業,既婚,子ども有,8_60〜64歳,1_65歳未満,571.9666667,5263906,587922,33683,3077,13986,4638,643,17346,22952,0,35704,455890,12.4,中・低視聴率層,B,2
D75,2_2人,1_1人以下,都市圏,1_持ち家,1_就業,大企業,既婚,子ども有,8_60〜64歳,1_65歳未満,571.9666667,4916279,144411,49306,6634,8882,20976,3073,468,12961,0,6562,35546,14.4,高視聴率層,B,2
D76,2_2人,1_1人以下,都市圏,1_持ち家,1_就業,中小企業,既婚,子ども有,8_60〜64歳,1_65歳未満,571.9666667,4976263,197003,50979,5200,16354,2702,19900,4771,3111,0,28028,65953,5.4,中・低視聴率層,B,4
D77,2_2人,1_1人以下,都市圏,1_持ち家,1_就業,大企業,既婚,子ども有,8_60〜64歳,1_65歳未満,571.9666667,4850572,338580,46293,1760,11109,42028,22790,2341,149927,0,33744,28585,15.2,高視聴率層,B,5
D78,2_2人,1_1人以下,都市圏,1_持ち家,1_就業,大企業,既婚,子ども有,8_60〜64歳,1_65歳未満,571.9666667,5190348,241189,53984,622,13291,8392,1007,4126,67430,0,43525,48809,15,高視聴率層,B,2
D79,2_2人,1_1人以下,都市圏,1_持ち家,1_就業,大企業,既婚,子ども有,8_60〜64歳,1_65歳未満,571.9666667,5196599,214269,49195,5108,9277,44507,43726,14449,11948,0,8873,27181,14.6,高視聴率層,B,3
D80,2_2人,1_1人以下,都市圏,1_持ち家,1_就業,大企業,既婚,子ども有,8_60〜64歳,1_65歳未満,571.9666667,5308326,198247,56318,578,15568,14783,6437,13650,5528,0,8436,76944,16.1,高視聴率層,A,1
D81,2_2人,1_1人以下,都市圏,1_持ち家,1_就業,大企業,既婚,子ども有,8_60〜64歳,1_65歳未満,571.9666667,5130464,289093,58602,380,14959,3949,13681,1247,62089,0,36186,97996,11.2,中・低視聴率層,A,3
D82,2_2人,1_1人以下,都市圏,1_持ち家,1_就業,中小企業,既婚,子ども有,8_60〜64歳,1_65歳未満,571.9666667,4551663,194993,53240,3020,16348,9469,26607,4034,11690,0,21182,49399,12.4,中・低視聴率層,A,1
D83,2_2人,1_1人以下,都市圏,1_持ち家,1_就業,大企業,既婚,子ども有,8_60〜64歳,1_65歳未満,571.9666667,4846731,243847,53589,6369,15179,3872,7663,1002,18827,0,36035,101307,14.1,高視聴率層,B,5
D84,2_2人,1_1人以下,都市圏,1_持ち家,1_就業,大企業,既婚,子ども有,8_60〜64歳,1_65歳未満,571.9666667,5362948,236182,59592,54393,15422,1482,28760,3305,14500,0,19715,39009,17.1,高視聴率層,B,4
D85,2_2人,1_1人以下,都市圏,1_持ち家,1_就業,大企業,既婚,子ども有,8_60〜64歳,1_65歳未満,571.9666667,5468129,204196,41376,576,14525,7205,11316,19044,4219,0,46432,59497,18.8,高視聴率層,A,5
D86,2_2人,1_1人以下,都市圏,1_持ち家,1_就業,大企業,既婚,子ども有,8_60〜64歳,1_65歳未満,571.9666667,4964805,345825,75416,5190,20650,3134,8026,86172,51594,0,13660,81979,12.3,中・低視聴率層,A,1
D87,2_2人,1_1人以下,都市圏,1_持ち家,1_就業,大企業,既婚,子ども有,8_60〜64歳,1_65歳未満,571.9666667,5393299,255555,49623,83,15476,1183,14480,8780,16525,0,96620,52780,15.5,高視聴率層,B,2
D88,2_2人,1_1人以下,都市圏,1_持ち家,1_就業,中小企業,既婚,子ども有,8_60〜64歳,1_65歳未満,571.9666667,5637702,224595,68810,32127,23642,1238,1611,13496,31835,0,8520,43310,13.1,中・低視聴率層,A,2
D89,2_2人,1_1人以下,都市圏,1_持ち家,1_就業,大企業,既婚,子ども有,8_60〜64歳,1_65歳未満,571.9666667,4718472,225336,41734,10042,13041,4813,5899,23393,1882,0,41957,82570,16.3,高視聴率層,B,4
D90,2_2人,1_1人以下,都市圏,1_持ち家,1_就業,大企業,既婚,子ども有,8_60〜64歳,1_65歳未満,571.9666667,5478701,104156,40275,3381,12830,5836,2591,4781,8320,0,3380,22759,6.4,中・低視聴率層,A,1
D91,2_2人,1_1人以下,都市圏,1_持ち家,1_就業,大企業,既婚,子ども有,8_60〜64歳,1_65歳未満,571.9666667,5752148,560670,60610,14310,23288,13621,2669,5297,310506,0,48845,81521,15.2,高視聴率層,B,3
D92,2_2人,1_1人以下,都市圏,1_持ち家,1_就業,大企業,既婚,子ども有,8_60〜64歳,1_65歳未満,571.9666667,5245461,292906,60961,38106,15800,6915,2779,12030,14233,0,19747,122332,15.6,高視聴率層,A,5
D93,2_2人,1_1人以下,都市圏,1_持ち家,1_就業,大企業,既婚,子ども有,8_60〜64歳,1_65歳未満,571.9666667,5126008,343530,37110,4057,16942,4142,12307,13864,15067,0,44578,195458,16,高視聴率層,A,3
D94,2_2人,1_1人以下,都市圏,1_持ち家,1_就業,大企業,既婚,子ども有,8_60〜64歳,1_65歳未満,571.9666667,5284027,369922,50982,7020,10750,7104,17868,2183,119690,0,17571,136750,15.3,高視聴率層,A,1
D95,2_2人,1_1人以下,都市圏,1_持ち家,1_就業,大企業,既婚,子ども有,8_60〜64歳,1_65歳未満,571.9666667,4881707,297490,44914,704,20079,7694,8020,4135,156120,0,14098,41723,15.4,高視聴率層,A,2
D96,2_2人,1_1人以下,都市圏,1_持ち家,1_就業,大企業,既婚,子ども有,8_60〜64歳,1_65歳未満,571.9666667,5177609,405270,68221,10910,18493,6009,4643,5616,107373,0,99738,84264,10.8,中・低視聴率層,B,4
D97,2_2人,1_1人以下,都市圏,1_持ち家,1_就業,大企業,既婚,子ども有,8_60〜64歳,1_65歳未満,571.9666667,5413281,169554,56073,1293,33335,11560,1580,5338,8040,0,9912,42419,16.2,高視聴率層,A,3
D98,2_2人,1_1人以下,都市圏,1_持ち家,1_就業,大企業,既婚,子ども有,8_60〜64歳,1_65歳未満,571.9666667,5417763,499112,45961,83,19502,2600,4924,9600,384278,0,11580,20579,15.6,高視聴率層,A,1
D99,2_2人,1_1人以下,都市圏,1_持ち家,1_就業,大企業,既婚,子ども有,8_60〜64歳,1_65歳未満,571.9666667,5081769,260228,55889,3227,15565,12834,4524,18533,20773,0,32267,96611,15.4,高視聴率層,A,2
D100,2_2人,1_1人以下,都市圏,1_持ち家,1_就業,大企業,既婚,子ども有,8_60〜64歳,1_65歳未満,571.9666667,5474806,151669,37805,596,12706,19743,9310,5073,41224,0,4533,20676,7.6,中・低視聴率層,A,4
D101,2_2人,1_1人以下,都市圏,1_持ち家,1_就業,大企業,既婚,子ども有,8_60〜64歳,1_65歳未満,571.9666667,4969351,152221,55059,2231,13393,3749,12444,1280,7176,0,4957,51927,17.5,高視聴率層,A,1
D102,2_2人,1_1人以下,都市圏,1_持ち家,1_就業,中小企業,既婚,子ども有,9_65歳以上,2_65歳以上,584.6348485,6282389,289210,45212,28507,9230,68782,3437,15471,25422,0,44955,48192,6.7,中・低視聴率層,A,1
D103,2_2人,1_1人以下,都市圏,1_持ち家,1_就業,大企業,既婚,子ども有,9_65歳以上,2_65歳以上,584.6348485,5709954,298955,59373,8189,20101,2873,2753,26334,33451,0,65843,80034,14.5,高視聴率層,A,5
D104,2_2人,1_1人以下,都市圏,1_持ち家,1_就業,大企業,既婚,子ども有,9_65歳以上,2_65歳以上,584.6348485,5702591,227564,68456,338,23903,2528,5339,17431,3388,0,4671,101506,4.4,中・低視聴率層,A,1
D105,2_2人,1_1人以下,都市圏,1_持ち家,1_就業,大企業,既婚,子ども有,9_65歳以上,2_65歳以上,584.6348485,5425495,182532,59171,57422,10969,5177,5567,16948,8181,0,6066,13028,17.8,高視聴率層,A,3
D106,2_2人,1_1人以下,都市圏,1_持ち家,1_就業,大企業,既婚,子ども有,9_65歳以上,2_65歳以上,584.6348485,6457975,211260,69124,364,18234,28000,11679,3156,35853,0,22404,22442,17.8,高視聴率層,B,3
D107,2_2人,1_1人以下,都市圏,1_持ち家,1_就業,中小企業,既婚,子ども有,9_65歳以上,2_65歳以上,584.6348485,5751881,331019,45505,104425,12556,4934,55637,49564,11423,0,14430,32541,9.2,中・低視聴率層,B,4
D108,2_2人,1_1人以下,都市圏,1_持ち家,1_就業,大企業,既婚,子ども有,9_65歳以上,2_65歳以上,584.6348485,5536543,182228,51779,2631,12654,36085,4064,5866,778,0,34757,33609,18.4,高視聴率層,B,3
D109,2_2人,1_1人以下,都市圏,1_持ち家,1_就業,大企業,既婚,子ども有,9_65歳以上,2_65歳以上,584.6348485,5557268,276531,28814,16018,8642,87310,17136,487,29098,0,57299,31724,15.1,高視聴率層,B,2
D110,2_2人,1_1人以下,都市圏,1_持ち家,1_就業,大企業,既婚,子ども有,9_65歳以上,2_65歳以上,584.6348485,5427414,254224,58625,1468,16634,15267,1403,4351,20991,0,84217,51263,17.1,高視聴率層,A,3
D111,2_2人,1_1人以下,都市圏,1_持ち家,1_就業,大企業,既婚,子ども有,9_65歳以上,2_65歳以上,584.6348485,5373606,242727,41980,63550,20066,10622,11224,27871,587,0,39990,26831,14.5,高視聴率層,A,3
D112,2_2人,1_1人以下,都市圏,1_持ち家,1_就業,大企業,既婚,子ども有,9_65歳以上,2_65歳以上,584.6348485,5592556,167116,47414,13541,15117,4254,2625,2552,2624,0,25172,53813,4.6,中・低視聴率層,B,5
D113,2_2人,1_1人以下,都市圏,1_持ち家,1_就業,中小企業,既婚,子ども有,9_65歳以上,2_65歳以上,584.6348485,5557863,174792,59812,24020,16560,9935,2263,4121,17457,0,19066,21554,8.2,中・低視聴率層,A,1
D114,2_2人,1_1人以下,都市圏,1_持ち家,1_就業,大企業,既婚,子ども有,9_65歳以上,2_65歳以上,584.6348485,5602467,125956,44411,261,22197,2645,955,10026,29059,0,7556,8841,17.1,高視聴率層,B,4
D115,2_2人,1_1人以下,都市圏,1_持ち家,1_就業,大企業,既婚,子ども有,9_65歳以上,2_65歳以上,584.6348485,5387367,334107,50987,66704,11288,2628,45677,33331,18697,0,2783,102009,14.7,高視聴率層,B,4
D116,2_2人,1_1人以下,都市圏,1_持ち家,1_就業,大企業,既婚,子ども有,9_65歳以上,2_65歳以上,584.6348485,6062254,441926,54219,13567,16581,6348,21005,10842,238131,0,61396,19833,16.7,高視聴率層,B,3
D117,2_2人,1_1人以下,都市圏,1_持ち家,1_就業,大企業,既婚,子ども有,9_65歳以上,2_65歳以上,584.6348485,5497336,306141,45261,6485,21355,9110,15369,19340,11718,0,136815,40685,12.7,中・低視聴率層,B,2
D118,2_2人,1_1人以下,都市圏,1_持ち家,1_就業,中小企業,既婚,子ども有,9_65歳以上,2_65歳以上,584.6348485,5818408,217028,55451,6277,21510,7048,63070,8372,13484,0,26044,15767,3.8,中・低視聴率層,A,1
D119,2_2人,1_1人以下,都市圏,1_持ち家,1_就業,大企業,既婚,子ども有,9_65歳以上,2_65歳以上,584.6348485,6093624,249751,84121,6062,23020,2939,38814,12541,5643,0,55217,21390,16.4,高視聴率層,A,1
D120,2_2人,1_1人以下,都市圏,1_持ち家,1_就業,大企業,既婚,子ども有,9_65歳以上,2_65歳以上,584.6348485,6209655,391646,76141,1675,19479,865,42554,35192,102870,0,88427,24439,14.3,高視聴率層,A,2
D121,2_2人,1_1人以下,都市圏,1_持ち家,1_就業,大企業,既婚,子ども有,9_65歳以上,2_65歳以上,584.6348485,5236688,188399,27121,3628,9828,9720,925,6252,5754,0,6937,118230,16.9,高視聴率層,A,2
D122,2_2人,1_1人以下,都市圏,1_持ち家,1_就業,大企業,既婚,子ども有,9_65歳以上,2_65歳以上,584.6348485,6139386,340492,80268,13260,22646,9723,16037,18169,11392,0,118156,50837,4.7,中・低視聴率層,A,1
D123,2_2人,1_1人以下,都市圏,1_持ち家,1_就業,大企業,既婚,子ども有,9_65歳以上,2_65歳以上,584.6348485,5638743,342770,67297,10652,32350,15852,46786,6663,76765,0,25053,61348,15.7,高視聴率層,B,4
D124,2_2人,1_1人以下,都市圏,1_持ち家,1_就業,中小企業,既婚,子ども有,9_65歳以上,2_65歳以上,584.6348485,6454210,309594,51926,5063,11360,2940,11944,9876,1871,0,177645,36965,1.9,中・低視聴率層,B,5
D125,2_2人,1_1人以下,都市圏,1_持ち家,1_就業,大企業,既婚,子ども有,9_65歳以上,2_65歳以上,584.6348485,5836624,278816,32784,8968,10791,11831,12445,4104,12632,0,139866,45391,15.6,高視聴率層,A,3
D126,2_2人,1_1人以下,都市圏,1_持ち家,1_就業,大企業,既婚,子ども有,9_65歳以上,2_65歳以上,584.6348485,5693188,278867,43740,11971,31715,5719,1460,16359,1738,0,127618,38542,8,中・低視聴率層,A,2
D127,2_2人,1_1人以下,都市圏,1_持ち家,1_就業,大企業,既婚,子ども有,9_65歳以上,2_65歳以上,584.6348485,5557572,299807,41123,57110,23992,9600,1235,9285,2603,0,37409,117446,19.5,高視聴率層,A,2
D128,2_2人,1_1人以下,都市圏,1_持ち家,1_就業,中小企業,既婚,子ども有,9_65歳以上,2_65歳以上,584.6348485,5426173,223770,55697,1534,12431,21658,2249,3669,13809,0,25053,87665,6.1,中・低視聴率層,B,3
D129,2_2人,1_1人以下,都市圏,1_持ち家,1_就業,大企業,既婚,子ども有,9_65歳以上,2_65歳以上,584.6348485,5786083,435281,27866,13168,9765,3416,60466,13892,6344,0,83918,216443,17.1,高視聴率層,B,5
D130,2_2人,1_1人以下,都市圏,1_持ち家,1_就業,大企業,既婚,子ども有,9_65歳以上,2_65歳以上,584.6348485,5697876,215167,35607,17422,7945,48807,3469,3446,7110,0,23419,67938,15.1,高視聴率層,B,4
D131,2_2人,1_1人以下,都市圏,1_持ち家,1_就業,大企業,既婚,子ども有,9_65歳以上,2_65歳以上,584.6348485,5706068,270549,43705,6599,8121,16963,134486,3757,12833,0,15797,28284,15.8,高視聴率層,B,2
D132,2_2人,1_1人以下,都市圏,1_持ち家,1_就業,大企業,既婚,子ども有,9_65歳以上,2_65歳以上,584.6348485,5567151,131756,39001,1155,13915,11237,27194,433,8999,0,4265,25552,16.3,高視聴率層,B,5
D133,2_2人,1_1人以下,都市圏,1_持ち家,1_就業,大企業,既婚,子ども有,9_65歳以上,2_65歳以上,584.6348485,5441618,202718,105657,14192,22293,9868,3697,4498,838,0,22747,18924,16.5,高視聴率層,A,3
D134,2_2人,1_1人以下,都市圏,1_持ち家,1_就業,中小企業,既婚,子ども有,9_65歳以上,2_65歳以上,584.6348485,5986813,224972,34183,669,13781,8681,5016,7111,65907,0,42387,47233,2.3,中・低視聴率層,B,4
D135,2_2人,1_1人以下,都市圏,1_持ち家,1_就業,大企業,既婚,子ども有,9_65歳以上,2_65歳以上,584.6348485,5732565,220894,30512,1965,8032,1087,2908,13413,37131,0,18444,107398,19.8,高視聴率層,A,1
D136,2_2人,1_1人以下,都市圏,1_持ち家,1_就業,大企業,既婚,子ども有,9_65歳以上,2_65歳以上,584.6348485,5649948,124080,43526,14453,11278,869,11852,1157,18416,0,10774,11750,17.6,高視聴率層,B,4
D137,2_2人,1_1人以下,都市圏,1_持ち家,1_就業,大企業,既婚,子ども有,9_65歳以上,2_65歳以上,584.6348485,5912343,245694,31016,20741,13706,3019,13974,8109,17268,0,41179,96679,17.2,高視聴率層,B,1
D138,2_2人,1_1人以下,都市圏,1_持ち家,1_就業,大企業,既婚,子ども有,9_65歳以上,2_65歳以上,584.6348485,5811086,237092,52778,1439,9880,4074,9292,3368,36835,0,21730,97691,6.2,中・低視聴率層,A,3
D139,2_2人,1_1人以下,都市圏,1_持ち家,1_就業,大企業,既婚,子ども有,9_65歳以上,2_65歳以上,584.6348485,6159825,326845,114319,11996,39637,9427,1225,114916,4096,0,9723,21502,14.8,高視聴率層,A,5
D140,2_2人,1_1人以下,都市圏,1_持ち家,1_就業,大企業,既婚,子ども有,9_65歳以上,2_65歳以上,584.6348485,5786007,262653,53875,54,19758,42340,6918,27230,56117,0,33252,23105,14.7,高視聴率層,A,3
D141,2_2人,1_1人以下,都市圏,1_持ち家,1_就業,大企業,既婚,子ども有,9_65歳以上,2_65歳以上,584.6348485,5418640,157864,31006,309,25583,3482,1818,43774,1083,0,11283,39522,16.3,高視聴率層,B,3
D142,2_2人,1_1人以下,都市圏,1_持ち家,1_就業,大企業,既婚,子ども有,9_65歳以上,2_65歳以上,584.6348485,5468232,277467,45092,514,14372,9573,3026,12188,2829,0,18558,171311,15.1,高視聴率層,A,4
D143,2_2人,1_1人以下,都市圏,1_持ち家,1_就業,大企業,既婚,子ども有,9_65歳以上,2_65歳以上,584.6348485,5736604,207330,46147,2036,13030,2789,4385,17042,9018,0,92062,20816,14,高視聴率層,A,1
D144,2_2人,1_1人以下,都市圏,1_持ち家,1_就業,中小企業,既婚,子ども有,9_65歳以上,2_65歳以上,584.6348485,5488579,191460,62355,2585,25068,5590,247,7871,15242,0,19453,53044,8.2,中・低視聴率層,B,5
D145,2_2人,1_1人以下,都市圏,1_持ち家,1_就業,大企業,既婚,子ども有,9_65歳以上,2_65歳以上,584.6348485,6521909,323566,46307,17843,7446,4491,26437,7631,44123,0,132583,36702,14.1,高視聴率層,A,3
D146,2_2人,1_1人以下,都市圏,1_持ち家,1_就業,大企業,既婚,子ども有,9_65歳以上,2_65歳以上,584.6348485,5675049,191325,45485,5024,15105,1474,11556,1539,5694,0,6671,98774,2.8,中・低視聴率層,B,3
D147,2_2人,1_1人以下,都市圏,1_持ち家,1_就業,中小企業,既婚,子ども有,9_65歳以上,2_65歳以上,584.6348485,5360450,204030,55908,24236,20119,3521,2115,19570,31422,0,39535,7602,2.5,中・低視聴率層,B,4
D148,2_2人,1_1人以下,都市圏,1_持ち家,1_就業,大企業,既婚,子ども有,9_65歳以上,2_65歳以上,584.6348485,5588815,597758,49499,3474,14297,3712,5668,9322,6721,0,160776,344285,16.3,高視聴率層,A,5
D149,2_2人,1_1人以下,都市圏,1_持ち家,1_就業,大企業,既婚,子ども有,9_65歳以上,2_65歳以上,584.6348485,5745038,163010,44831,6563,13089,1941,6941,20535,17517,0,5152,46435,16.5,高視聴率層,A,3
D150,2_2人,1_1人以下,都市圏,1_持ち家,1_就業,大企業,既婚,子ども有,9_65歳以上,2_65歳以上,584.6348485,6156070,160600,29229,55308,11469,2974,1015,28110,3912,0,4184,24394,17.5,高視聴率層,B,1
D151,2_2人,1_1人以下,都市圏,1_持ち家,1_就業,大企業,既婚,子ども有,9_65歳以上,2_65歳以上,584.6348485,5126562,245603,40767,6341,17841,324,18489,37444,69999,0,37662,16732,5.5,中・低視聴率層,B,3
D152,2_2人,1_1人以下,都市圏,1_持ち家,1_就業,中小企業,既婚,子ども有,9_65歳以上,2_65歳以上,584.6348485,5664493,241420,52768,92478,13239,2006,3723,5692,3469,0,6617,61425,7.3,中・低視聴率層,B,3
D153,2_2人,1_1人以下,都市圏,2_借家・借間,1_就業,大企業,既婚,子ども有,1_30歳未満,1_65歳未満,568.7377049,3519413,115959,29890,38730,17412,4780,3458,152,8981,1288,3836,7428,14.8,高視聴率層,B,2
D154,2_2人,1_1人以下,都市圏,2_借家・借間,1_就業,大企業,既婚,子ども有,1_30歳未満,1_65歳未満,568.7377049,3525126,163353,21897,55889,11459,822,754,587,29306,216,6326,36093,16.2,高視聴率層,B,2
D155,2_2人,1_1人以下,都市圏,2_借家・借間,1_就業,大企業,既婚,子ども有,1_30歳未満,1_65歳未満,568.7377049,3300695,207949,56291,12817,12339,726,15626,12482,28697,34454,27177,7336,4.3,中・低視聴率層,A,2
D156,2_2人,1_1人以下,都市圏,2_借家・借間,1_就業,中小企業,既婚,子ども有,1_30歳未満,1_65歳未満,568.7377049,3278004,230487,66421,25905,27921,5550,8776,400,36245,873,10871,47521,13,中・低視聴率層,B,2
D157,2_2人,1_1人以下,都市圏,2_借家・借間,1_就業,大企業,既婚,子ども有,1_30歳未満,1_65歳未満,568.7377049,3235508,190415,57271,20018,16958,2720,9474,11289,14210,503,4425,53542,16.3,高視聴率層,B,3
D158,2_2人,1_1人以下,都市圏,2_借家・借間,1_就業,大企業,既婚,子ども有,1_30歳未満,1_65歳未満,568.7377049,3137093,174814,26124,80941,10344,8086,3197,1530,10578,20,13213,20775,15.7,高視聴率層,B,2
D159,2_2人,1_1人以下,都市圏,2_借家・借間,1_就業,大企業,既婚,子ども有,1_30歳未満,1_65歳未満,568.7377049,3364138,140771,11821,36021,8455,2298,15186,6782,13899,344,6264,39695,17.2,高視聴率層,A,3
D160,2_2人,1_1人以下,都市圏,2_借家・借間,1_就業,中小企業,既婚,子ども有,1_30歳未満,1_65歳未満,568.7377049,3591698,165921,33233,23044,12351,6034,2450,12591,25878,32347,2530,15459,5.6,中・低視聴率層,A,2
D161,2_2人,1_1人以下,都市圏,2_借家・借間,1_就業,大企業,既婚,子ども有,2_30〜34歳,1_65歳未満,578.1666667,3478547,191367,21308,25824,6391,12131,19678,6938,9877,233,69495,19487,17.4,高視聴率層,A,5
D162,2_2人,1_1人以下,都市圏,2_借家・借間,1_就業,大企業,既婚,子ども有,2_30〜34歳,1_65歳未満,578.1666667,3627096,105780,25499,42299,12617,3346,7764,1171,4548,2198,2524,3811,13.5,中・低視聴率層,A,1
D163,2_2人,1_1人以下,都市圏,2_借家・借間,1_就業,中小企業,既婚,子ども有,2_30〜34歳,1_65歳未満,578.1666667,3856410,226180,31264,92253,11096,16588,18982,4817,14091,2987,26756,7342,8.8,中・低視聴率層,B,4
D164,2_2人,1_1人以下,都市圏,2_借家・借間,1_就業,大企業,既婚,子ども有,2_30〜34歳,1_65歳未満,578.1666667,3547803,170511,47532,61479,13611,2880,14338,416,4308,842,4582,20518,15.2,高視聴率層,B,4
D165,2_2人,1_1人以下,都市圏,2_借家・借間,1_就業,大企業,既婚,子ども有,2_30〜34歳,1_65歳未満,578.1666667,3796212,254601,39602,118305,11863,2014,1208,23229,2354,1178,20325,34518,16.2,高視聴率層,A,2
D166,2_2人,1_1人以下,都市圏,2_借家・借間,1_就業,大企業,既婚,子ども有,2_30〜34歳,1_65歳未満,578.1666667,3801740,190978,39601,15572,7715,2244,13914,6417,19213,189,56147,29963,5.6,中・低視聴率層,B,5
D167,2_2人,1_1人以下,都市圏,2_借家・借間,1_就業,大企業,既婚,子ども有,2_30〜34歳,1_65歳未満,578.1666667,3892139,152115,26503,79123,9100,5693,7287,460,3709,1188,5836,13212,17.9,高視聴率層,B,3
D168,2_2人,1_1人以下,都市圏,2_借家・借間,1_就業,中小企業,既婚,子ども有,2_30〜34歳,1_65歳未満,578.1666667,3801049,211329,33725,84110,8456,1204,9585,7639,23426,235,34399,8545,11.8,中・低視聴率層,A,3
D169,2_2人,1_1人以下,都市圏,2_借家・借間,1_就業,大企業,既婚,子ども有,2_30〜34歳,1_65歳未満,578.1666667,3448599,237145,41446,46515,13899,14341,21267,4842,4605,50,5534,84642,15.4,高視聴率層,A,2
D170,2_2人,1_1人以下,都市圏,2_借家・借間,1_就業,大企業,既婚,子ども有,3_35〜39歳,1_65歳未満,670.32,4542500,220367,76538,51151,19411,4019,2768,16109,9970,377,22655,17363,13.9,中・低視聴率層,A,1
D171,2_2人,1_1人以下,都市圏,2_借家・借間,1_就業,大企業,既婚,子ども有,3_35〜39歳,1_65歳未満,670.32,4192403,233530,15339,40841,11479,6324,2303,55150,6211,440,24195,71244,16.7,高視聴率層,B,3
D172,2_2人,1_1人以下,都市圏,2_借家・借間,1_就業,大企業,既婚,子ども有,3_35〜39歳,1_65歳未満,670.32,4722639,164372,19966,32321,11961,1303,1220,1478,37812,933,34694,22679,16.2,高視聴率層,B,3
D173,2_2人,1_1人以下,都市圏,2_借家・借間,1_就業,大企業,既婚,子ども有,3_35〜39歳,1_65歳未満,670.32,4383361,303336,39315,65273,11300,14249,7468,1047,90296,93,7258,67032,14,高視聴率層,A,1
D174,2_2人,1_1人以下,都市圏,2_借家・借間,1_就業,大企業,既婚,子ども有,3_35〜39歳,1_65歳未満,670.32,4682168,178074,34264,21447,13082,4373,3385,3380,20036,610,43439,34053,17.5,高視聴率層,B,3
D175,2_2人,1_1人以下,都市圏,2_借家・借間,1_就業,大企業,既婚,子ども有,3_35〜39歳,1_65歳未満,670.32,4548170,220927,37954,48983,15691,1299,1767,7259,64623,822,23071,19455,15.6,高視聴率層,A,5
D176,2_2人,1_1人以下,都市圏,2_借家・借間,1_就業,大企業,既婚,子ども有,3_35〜39歳,1_65歳未満,670.32,4405854,238087,45630,41053,9141,233,3610,1715,57806,340,10968,67586,14.4,高視聴率層,B,4
D177,2_2人,1_1人以下,都市圏,2_借家・借間,1_就業,大企業,既婚,子ども有,3_35〜39歳,1_65歳未満,670.32,4259654,184429,29282,21549,13197,4145,2164,2385,51680,58,16179,43787,16.3,高視聴率層,A,4
D178,2_2人,1_1人以下,都市圏,2_借家・借間,1_就業,中小企業,既婚,子ども有,3_35〜39歳,1_65歳未満,670.32,4530654,156261,19121,28912,12876,500,6081,4631,8810,1777,48661,24887,13.7,中・低視聴率層,B,5
D179,2_2人,1_1人以下,都市圏,2_借家・借間,1_就業,大企業,既婚,子ども有,3_35〜39歳,1_65歳未満,670.32,4322360,219416,60024,63838,12420,4140,3039,9179,32794,314,16183,17481,16.3,高視聴率層,A,2
D180,2_2人,1_1人以下,都市圏,2_借家・借間,1_就業,大企業,既婚,子ども有,3_35〜39歳,1_65歳未満,670.32,4105904,146221,17791,21971,8744,16219,14937,1933,9250,289,37421,17662,14.7,高視聴率層,A,1
D181,2_2人,1_1人以下,都市圏,2_借家・借間,1_就業,大企業,既婚,子ども有,3_35〜39歳,1_65歳未満,670.32,4341544,248983,24090,55091,6146,5877,4495,50527,25706,1070,8411,67565,15.3,高視聴率層,B,4
D182,2_2人,1_1人以下,都市圏,2_借家・借間,1_就業,大企業,既婚,子ども有,3_35〜39歳,1_65歳未満,670.32,4257543,193558,22216,22040,7957,4988,13322,4024,72222,162,9239,37382,8.9,中・低視聴率層,A,2
D183,2_2人,1_1人以下,都市圏,2_借家・借間,1_就業,大企業,既婚,子ども有,3_35〜39歳,1_65歳未満,670.32,4344802,225652,49217,29008,11161,9505,9473,8515,58627,58,26190,23894,16.1,高視聴率層,B,5
D184,2_2人,1_1人以下,都市圏,2_借家・借間,1_就業,大企業,既婚,子ども有,4_40〜44歳,1_65歳未満,609.1126761,4585054,165687,25959,73237,10438,5378,5006,12045,7407,1738,7549,16927,17.9,高視聴率層,A,4
D185,2_2人,1_1人以下,都市圏,2_借家・借間,1_就業,大企業,既婚,子ども有,4_40〜44歳,1_65歳未満,609.1126761,4446392,179648,48701,19630,12158,9177,10031,1880,9878,954,17285,49950,5.1,中・低視聴率層,B,3
D186,2_2人,1_1人以下,都市圏,2_借家・借間,1_就業,大企業,既婚,子ども有,4_40〜44歳,1_65歳未満,609.1126761,4442368,167765,40588,49329,7887,2957,6985,1846,13333,1129,24413,19292,18.7,高視聴率層,B,4
D187,2_2人,1_1人以下,都市圏,2_借家・借間,1_就業,大企業,既婚,子ども有,4_40〜44歳,1_65歳未満,609.1126761,4607263,223324,31924,60059,11484,8831,11046,605,5694,3227,19644,70804,15.9,高視聴率層,A,3
D188,2_2人,1_1人以下,都市圏,2_借家・借間,1_就業,大企業,既婚,子ども有,4_40〜44歳,1_65歳未満,609.1126761,4367004,225984,41385,73319,11302,2285,2477,1486,26469,6725,5711,54821,15.8,高視聴率層,B,4
D189,2_2人,1_1人以下,都市圏,2_借家・借間,1_就業,大企業,既婚,子ども有,4_40〜44歳,1_65歳未満,609.1126761,4600867,170126,46776,23282,15205,7204,14233,11863,12058,4220,4385,30895,16.3,高視聴率層,A,1
D190,2_2人,1_1人以下,都市圏,2_借家・借間,1_就業,大企業,既婚,子ども有,4_40〜44歳,1_65歳未満,609.1126761,4081342,172233,35411,38461,13763,1448,2072,1486,31481,991,8513,38603,9.1,中・低視聴率層,A,5
D191,2_2人,1_1人以下,都市圏,2_借家・借間,1_就業,中小企業,既婚,子ども有,4_40〜44歳,1_65歳未満,609.1126761,4243847,330003,49879,41261,15169,3848,2189,1846,121180,43909,15548,35169,7.2,中・低視聴率層,B,2
D192,2_2人,1_1人以下,都市圏,2_借家・借間,1_就業,大企業,既婚,子ども有,4_40〜44歳,1_65歳未満,609.1126761,3923138,199821,34232,21686,13468,1258,3240,1581,45623,10256,45468,23004,16.9,高視聴率層,A,4
D193,2_2人,1_1人以下,都市圏,2_借家・借間,1_就業,大企業,既婚,子ども有,4_40〜44歳,1_65歳未満,609.1126761,4603554,214371,52672,34597,20203,2902,9761,1592,21677,1391,6154,63418,15.7,高視聴率層,B,5
D194,2_2人,1_1人以下,都市圏,2_借家・借間,1_就業,大企業,既婚,子ども有,4_40〜44歳,1_65歳未満,609.1126761,4396677,215470,37108,27997,15821,4921,6645,1347,80457,1950,2558,36662,16.3,高視聴率層,B,4
D195,2_2人,1_1人以下,都市圏,2_借家・借間,1_就業,大企業,既婚,子ども有,4_40〜44歳,1_65歳未満,609.1126761,4298925,183928,24636,22892,20188,3881,3609,833,65881,220,8584,33200,9.7,中・低視聴率層,B,4
D196,2_2人,1_1人以下,都市圏,2_借家・借間,1_就業,中小企業,既婚,子ども有,4_40〜44歳,1_65歳未満,609.1126761,4438547,118948,31599,24035,14886,1876,2816,4410,9540,90,16725,12967,6.4,中・低視聴率層,B,2
D197,2_2人,1_1人以下,都市圏,2_借家・借間,1_就業,大企業,既婚,子ども有,4_40〜44歳,1_65歳未満,609.1126761,4694756,285600,36884,17965,8559,4995,1625,37339,60714,7829,25153,84535,14.4,高視聴率層,B,3
D198,2_2人,1_1人以下,都市圏,2_借家・借間,1_就業,大企業,既婚,子ども有,5_45〜49歳,1_65歳未満,607.4461538,4279655,130998,30388,46257,22928,3493,3970,3432,5313,1274,8954,4986,14.3,高視聴率層,A,4
D199,2_2人,1_1人以下,都市圏,2_借家・借間,1_就業,大企業,既婚,子ども有,5_45〜49歳,1_65歳未満,607.4461538,4416465,125534,26866,31459,13148,2946,4770,14339,6275,872,5891,18965,18.4,高視聴率層,B,3
D200,2_2人,1_1人以下,都市圏,2_借家・借間,1_就業,大企業,既婚,子ども有,5_45〜49歳,1_65歳未満,607.4461538,4404983,187385,38255,13304,19519,1133,5834,2729,2018,733,30097,73759,14.4,高視聴率層,B,4
D201,2_2人,1_1人以下,都市圏,2_借家・借間,1_就業,大企業,既婚,子ども有,5_45〜49歳,1_65歳未満,607.4461538,4583161,247217,45095,51412,25851,4637,7065,1521,74546,496,21762,14830,16.8,高視聴率層,B,2
D202,2_2人,1_1人以下,都市圏,2_借家・借間,1_就業,大企業,既婚,子ども有,5_45〜49歳,1_65歳未満,607.4461538,4278878,210325,31575,28057,8155,3125,12653,1387,35726,33362,22309,33973,15.5,高視聴率層,B,2
D203,2_2人,1_1人以下,都市圏,2_借家・借間,1_就業,大企業,既婚,子ども有,5_45〜49歳,1_65歳未満,607.4461538,3788015,186751,23810,95241,12585,2002,25082,2781,2371,537,9524,12813,15.7,高視聴率層,A,3
D204,2_2人,1_1人以下,都市圏,2_借家・借間,1_就業,大企業,既婚,子ども有,5_45〜49歳,1_65歳未満,607.4461538,4045189,163672,18595,26763,13751,3043,4531,4342,2661,1203,70076,18703,12.8,中・低視聴率層,B,4
D205,2_2人,1_1人以下,都市圏,2_借家・借間,1_就業,中小企業,既婚,子ども有,5_45〜49歳,1_65歳未満,607.4461538,4274835,102287,21194,22761,13927,474,8605,940,6338,2007,1613,24423,4.6,中・低視聴率層,A,3
D206,2_2人,1_1人以下,都市圏,2_借家・借間,1_就業,大企業,既婚,子ども有,6_50〜54歳,1_65歳未満,613.5,4971024,165058,37265,25208,14315,2372,2166,4118,24156,1457,7750,46248,5,中・低視聴率層,A,5
D207,2_2人,1_1人以下,都市圏,2_借家・借間,1_就業,中小企業,既婚,子ども有,6_50〜54歳,1_65歳未満,613.5,4878708,326651,43718,21364,6235,2039,31270,19142,12527,17,3320,187015,4.2,中・低視聴率層,B,3
D208,2_2人,1_1人以下,都市圏,2_借家・借間,1_就業,大企業,既婚,子ども有,6_50〜54歳,1_65歳未満,613.5,4323969,215655,30507,76282,10737,379,9100,4868,40327,13175,18188,12087,16.8,高視聴率層,B,4
D209,2_2人,1_1人以下,都市圏,2_借家・借間,1_就業,大企業,既婚,子ども有,6_50〜54歳,1_65歳未満,613.5,4981320,299717,45803,23831,12489,2912,8127,22781,36826,3369,15070,128506,14.6,高視聴率層,A,1
D210,2_2人,1_1人以下,都市圏,2_借家・借間,1_就業,大企業,既婚,子ども有,6_50〜54歳,1_65歳未満,613.5,5713638,164931,58515,29018,14218,1275,625,9004,19209,1730,12515,18817,16.5,高視聴率層,A,4
D211,2_2人,1_1人以下,都市圏,2_借家・借間,1_就業,大企業,既婚,子ども有,6_50〜54歳,1_65歳未満,613.5,4684065,139709,27104,23232,8286,881,11280,9851,15824,1111,1824,40313,15.3,高視聴率層,A,1
D212,2_2人,1_1人以下,都市圏,2_借家・借間,1_就業,大企業,既婚,子ども有,6_50〜54歳,1_65歳未満,613.5,4896473,195192,29830,32883,17876,742,4600,7178,43105,4332,9701,44940,10.4,中・低視聴率層,A,3
D213,2_2人,1_1人以下,都市圏,2_借家・借間,1_就業,大企業,既婚,子ども有,6_50〜54歳,1_65歳未満,613.5,5124219,262574,44213,61622,14814,2008,478,34989,37651,406,875,65512,14.9,高視聴率層,B,5
D214,2_2人,1_1人以下,都市圏,2_借家・借間,1_就業,大企業,既婚,子ども有,6_50〜54歳,1_65歳未満,613.5,5325210,130844,38882,6436,22135,2783,3897,9500,11178,3243,19640,13146,18.1,高視聴率層,A,2
D215,2_2人,1_1人以下,都市圏,2_借家・借間,1_就業,大企業,既婚,子ども有,7_55〜59歳,1_65歳未満,648.3375,6799920,357435,53704,16206,16270,1843,13279,143935,7595,99,27054,77446,16.2,高視聴率層,A,3
D216,2_2人,1_1人以下,都市圏,2_借家・借間,1_就業,大企業,既婚,子ども有,7_55〜59歳,1_65歳未満,648.3375,5033423,218757,55462,32045,15418,20576,11208,2442,2762,0,23768,55073,1.4,中・低視聴率層,A,2
D217,2_2人,1_1人以下,都市圏,2_借家・借間,1_就業,大企業,既婚,子ども有,7_55〜59歳,1_65歳未満,648.3375,5397852,259626,53496,36866,19121,46018,13376,16832,17570,92,8936,47314,14.1,高視聴率層,A,3
D218,2_2人,1_1人以下,都市圏,2_借家・借間,1_就業,中小企業,既婚,子ども有,7_55〜59歳,1_65歳未満,648.3375,6152955,280348,47112,41196,16425,8040,29794,20448,18639,79,7572,91039,5,中・低視聴率層,B,4
D219,2_2人,1_1人以下,都市圏,2_借家・借間,1_就業,大企業,既婚,子ども有,7_55〜59歳,1_65歳未満,648.3375,5401189,193592,43150,63730,7910,2358,2874,5746,3923,0,4556,59340,15.3,高視聴率層,A,1
D220,2_2人,1_1人以下,都市圏,2_借家・借間,1_就業,大企業,既婚,子ども有,7_55〜59歳,1_65歳未満,648.3375,5835313,146252,22850,14945,9501,6765,6287,512,3516,3,13959,67908,15.2,高視聴率層,B,5
D221,2_2人,1_1人以下,都市圏,2_借家・借間,1_就業,大企業,既婚,子ども有,7_55〜59歳,1_65歳未満,648.3375,6963883,205426,18968,96541,9441,1413,2762,1389,33408,35,13245,28219,17.2,高視聴率層,A,1
D222,2_2人,1_1人以下,都市圏,2_借家・借間,1_就業,大企業,既婚,子ども有,7_55〜59歳,1_65歳未満,648.3375,5607832,198889,39180,15461,10690,2874,1632,17394,9288,9,27200,75157,8.7,中・低視聴率層,A,3
D223,2_2人,1_1人以下,都市圏,2_借家・借間,1_就業,中小企業,既婚,子ども有,7_55〜59歳,1_65歳未満,648.3375,5699877,242987,48181,12179,10602,8780,2913,9551,41374,3,8125,101275,2.3,中・低視聴率層,A,2
D224,2_2人,1_1人以下,都市圏,2_借家・借間,1_就業,大企業,既婚,子ども有,7_55〜59歳,1_65歳未満,648.3375,5347182,191081,49189,28108,23794,1593,1328,2093,15367,35,17057,52512,19.3,高視聴率層,B,3
D225,2_2人,1_1人以下,都市圏,2_借家・借間,1_就業,大企業,既婚,子ども有,7_55〜59歳,1_65歳未満,648.3375,5731634,204229,45068,14286,13668,3793,4094,10606,48733,1,11361,52614,15.3,高視聴率層,B,5
D226,2_2人,1_1人以下,都市圏,2_借家・借間,1_就業,大企業,既婚,子ども有,8_60〜64歳,1_65歳未満,510.0508475,4401895,152328,30813,19025,20350,4645,13560,5448,16300,0,7082,35102,17.3,高視聴率層,B,3
D227,2_2人,1_1人以下,都市圏,2_借家・借間,1_就業,大企業,既婚,子ども有,8_60〜64歳,1_65歳未満,510.0508475,3953253,272769,62915,67835,8538,6358,2636,150,19826,0,14921,89587,10.2,中・低視聴率層,B,4
D228,2_2人,1_1人以下,都市圏,2_借家・借間,1_就業,大企業,既婚,子ども有,8_60〜64歳,1_65歳未満,510.0508475,4070478,196766,44135,22464,9671,1018,412,11541,28705,0,30628,48187,16.3,高視聴率層,A,3
D229,2_2人,1_1人以下,都市圏,2_借家・借間,1_就業,大企業,既婚,子ども有,8_60〜64歳,1_65歳未満,510.0508475,4336056,169389,41336,16202,12609,10206,14579,1279,9170,0,12551,51453,14.6,高視聴率層,A,4
D230,2_2人,1_1人以下,都市圏,2_借家・借間,1_就業,大企業,既婚,子ども有,8_60〜64歳,1_65歳未満,510.0508475,4163336,170205,55030,41386,13709,1382,6974,717,17377,0,7635,25992,8.3,中・低視聴率層,A,3
D231,2_2人,1_1人以下,都市圏,2_借家・借間,1_就業,中小企業,既婚,子ども有,8_60〜64歳,1_65歳未満,510.0508475,4354701,232916,53990,23924,18818,5431,7186,3910,86831,0,7787,25034,11.7,中・低視聴率層,A,2
D232,2_2人,1_1人以下,都市圏,2_借家・借間,1_就業,大企業,既婚,子ども有,9_65歳以上,2_65歳以上,588.8536585,4093361,147666,48895,16962,10222,17130,6909,18266,10024,0,2123,17132,14.6,高視聴率層,B,1
D233,2_2人,1_1人以下,都市圏,2_借家・借間,1_就業,大企業,既婚,子ども有,9_65歳以上,2_65歳以上,588.8536585,3812949,172328,34788,15120,15419,5006,1854,4456,7735,0,10267,77679,19.1,高視聴率層,A,1
D234,2_2人,1_1人以下,都市圏,2_借家・借間,1_就業,大企業,既婚,子ども有,9_65歳以上,2_65歳以上,588.8536585,3914444,125312,38166,26302,10609,5343,2936,17353,6442,0,4830,13326,18.5,高視聴率層,A,3
D235,2_2人,2_2人以上,都市圏,1_持ち家,1_就業,大企業,既婚,子ども有,1_30歳未満,1_65歳未満,532.9166667,5063651,125585,26620,2049,5783,10639,8517,2939,27389,0,14048,27596,15,高視聴率層,A,1
D236,2_2人,2_2人以上,都市圏,1_持ち家,1_就業,中小企業,既婚,子ども有,1_30歳未満,1_65歳未満,532.9166667,4579787,124714,35684,522,11197,9593,5849,5625,30129,0,12938,13174,10.5,中・低視聴率層,A,3
D237,2_2人,2_2人以上,都市圏,1_持ち家,1_就業,大企業,既婚,子ども有,1_30歳未満,1_65歳未満,532.9166667,4594572,185069,33167,4934,24440,12157,14058,4453,34658,0,24831,32368,15.5,高視聴率層,B,5
D238,2_2人,2_2人以上,都市圏,1_持ち家,1_就業,大企業,既婚,子ども有,2_30〜34歳,1_65歳未満,560.5294118,5997253,251150,55396,197,12428,1105,23308,1190,71849,0,19155,66518,14.3,高視聴率層,A,1
D239,2_2人,2_2人以上,都市圏,1_持ち家,1_就業,大企業,既婚,子ども有,2_30〜34歳,1_65歳未満,560.5294118,6007618,209946,46780,1050,13094,31363,23655,12086,17507,0,32533,31874,8.5,中・低視聴率層,B,2
D240,2_2人,2_2人以上,都市圏,1_持ち家,1_就業,大企業,既婚,子ども有,2_30〜34歳,1_65歳未満,560.5294118,6083741,166447,46075,1050,7791,7967,8551,1005,36314,0,6773,50918,19,高視聴率層,A,2
D241,2_2人,2_2人以上,都市圏,1_持ち家,1_就業,大企業,既婚,子ども有,2_30〜34歳,1_65歳未満,560.5294118,6312958,181197,56393,94,12236,666,5381,4514,55760,0,9362,36787,17.9,高視聴率層,B,3
D242,2_2人,2_2人以上,都市圏,1_持ち家,1_就業,中小企業,既婚,子ども有,3_35〜39歳,1_65歳未満,588.6101695,6376762,165303,35509,150,9091,3114,14656,16142,31309,0,6912,48415,2,中・低視聴率層,A,5
D243,2_2人,2_2人以上,都市圏,1_持ち家,1_就業,大企業,既婚,子ども有,3_35〜39歳,1_65歳未満,588.6101695,6778068,178728,45827,6318,10667,2028,8743,25563,11154,0,39484,28940,17.5,高視聴率層,B,3
D244,2_2人,2_2人以上,都市圏,1_持ち家,1_就業,大企業,既婚,子ども有,3_35〜39歳,1_65歳未満,588.6101695,6450628,123028,32914,156,5459,2206,8854,10904,2358,0,30668,29504,14,高視聴率層,B,3
D245,2_2人,2_2人以上,都市圏,1_持ち家,1_就業,大企業,既婚,子ども有,3_35〜39歳,1_65歳未満,588.6101695,6352611,230156,53079,496,13532,5509,48373,1279,22028,0,11683,74173,15.1,高視聴率層,B,4
D246,2_2人,2_2人以上,都市圏,1_持ち家,1_就業,大企業,既婚,子ども有,3_35〜39歳,1_65歳未満,588.6101695,6415666,119039,43275,361,14980,3957,3319,2373,930,0,6740,43100,18.8,高視聴率層,A,2
D247,2_2人,2_2人以上,都市圏,1_持ち家,1_就業,中小企業,既婚,子ども有,3_35〜39歳,1_65歳未満,588.6101695,6877753,231272,62498,4822,15997,15803,34010,2786,13809,0,12958,68586,6.4,中・低視聴率層,B,1
D248,2_2人,2_2人以上,都市圏,1_持ち家,1_就業,大企業,既婚,子ども有,3_35〜39歳,1_65歳未満,588.6101695,6638251,208859,56854,50,17485,15417,1910,2296,8106,0,48727,58010,14,高視聴率層,B,4
D249,2_2人,2_2人以上,都市圏,1_持ち家,1_就業,大企業,既婚,子ども有,3_35〜39歳,1_65歳未満,588.6101695,6992418,197221,42610,19,8051,14300,24599,6745,8187,0,33765,58942,15.3,高視聴率層,B,5
D250,2_2人,2_2人以上,都市圏,1_持ち家,1_就業,大企業,既婚,子ども有,4_40〜44歳,1_65歳未満,545.75,6422392,181536,53273,18362,13917,5886,6568,4282,30258,0,22450,26535,14.1,高視聴率層,B,2
D251,2_2人,2_2人以上,都市圏,1_持ち家,1_就業,大企業,既婚,子ども有,4_40〜44歳,1_65歳未満,545.75,6716999,210228,30050,9416,14374,3548,13957,6551,17815,0,93428,21086,3.9,中・低視聴率層,B,4
D252,2_2人,2_2人以上,都市圏,1_持ち家,1_就業,大企業,既婚,子ども有,4_40〜44歳,1_65歳未満,545.75,6750044,250632,60217,2083,17275,1420,32833,2301,110361,0,8218,15919,15,高視聴率層,B,4
D253,2_2人,2_2人以上,都市圏,1_持ち家,1_就業,大企業,既婚,子ども有,5_45〜49歳,1_65歳未満,545.9130435,7857221,347134,43667,983,14978,4422,8614,24600,15723,0,33367,200775,18.8,高視聴率層,B,4
D254,2_2人,2_2人以上,都市圏,1_持ち家,1_就業,大企業,既婚,子ども有,5_45〜49歳,1_65歳未満,545.9130435,7362536,299598,33107,4871,6407,7209,8679,2050,26527,0,36423,174320,8.5,中・低視聴率層,B,4
D255,2_2人,2_2人以上,都市圏,1_持ち家,1_就業,大企業,既婚,子ども有,5_45〜49歳,1_65歳未満,545.9130435,8067651,234823,51596,5253,13837,19979,19342,1777,15524,0,49383,58128,16.9,高視聴率層,B,3
D256,2_2人,2_2人以上,都市圏,1_持ち家,1_就業,中小企業,既婚,子ども有,5_45〜49歳,1_65歳未満,545.9130435,8091176,368871,64335,3075,14219,1756,3287,26016,91160,0,12195,152825,8.9,中・低視聴率層,A,2
D257,2_2人,2_2人以上,都市圏,1_持ち家,1_就業,大企業,既婚,子ども有,5_45〜49歳,1_65歳未満,545.9130435,8067259,359188,53525,1068,13399,24215,2685,25923,65779,0,39122,133468,15,高視聴率層,B,5
D258,2_2人,2_2人以上,都市圏,1_持ち家,1_就業,大企業,既婚,子ども有,5_45〜49歳,1_65歳未満,545.9130435,7234409,207305,61227,906,14247,6935,17171,4880,60992,0,14919,26024,17.9,高視聴率層,A,1
D259,2_2人,2_2人以上,都市圏,1_持ち家,1_就業,大企業,既婚,子ども有,5_45〜49歳,1_65歳未満,545.9130435,8157858,401505,34885,6227,15408,30898,7937,4638,92748,0,15816,192945,6.3,中・低視聴率層,A,4
D260,2_2人,2_2人以上,都市圏,1_持ち家,1_就業,中小企業,既婚,子ども有,5_45〜49歳,1_65歳未満,545.9130435,7937914,378269,100888,2949,28851,12728,7871,1848,8736,0,22134,192261,5.1,中・低視聴率層,B,3
D261,2_2人,2_2人以上,都市圏,1_持ち家,1_就業,大企業,既婚,子ども有,6_50〜54歳,1_65歳未満,543.5746032,7532167,259964,83343,37679,11930,9645,8259,300,47411,0,31087,30306,15.6,高視聴率層,B,3
D262,2_2人,2_2人以上,都市圏,1_持ち家,1_就業,大企業,既婚,子ども有,6_50〜54歳,1_65歳未満,543.5746032,7437133,293505,81185,3938,21397,4294,17823,8643,91710,0,33328,31184,17.3,高視聴率層,B,4
D263,2_2人,2_2人以上,都市圏,1_持ち家,1_就業,大企業,既婚,子ども有,6_50〜54歳,1_65歳未満,543.5746032,7312742,519872,69714,698,15512,13512,11418,8755,22271,0,36148,341841,15.3,高視聴率層,A,4
D264,2_2人,2_2人以上,都市圏,1_持ち家,1_就業,中小企業,既婚,子ども有,6_50〜54歳,1_65歳未満,543.5746032,8011439,225824,76976,9420,22194,15997,13630,9259,14608,0,39723,24014,11.6,中・低視聴率層,B,4
D265,2_2人,2_2人以上,都市圏,1_持ち家,1_就業,大企業,既婚,子ども有,6_50〜54歳,1_65歳未満,543.5746032,7815514,240345,44352,321,11878,4475,7263,3247,16352,0,23991,128461,16.1,高視聴率層,A,2
D266,2_2人,2_2人以上,都市圏,1_持ち家,1_就業,大企業,既婚,子ども有,6_50〜54歳,1_65歳未満,543.5746032,7663356,400280,52700,40768,16584,16293,6253,10027,55574,0,56453,145626,15.9,高視聴率層,A,1
D267,2_2人,2_2人以上,都市圏,1_持ち家,1_就業,大企業,既婚,子ども有,6_50〜54歳,1_65歳未満,543.5746032,8277861,308380,64948,15921,12357,31209,24772,1437,61267,0,42028,54436,11.1,中・低視聴率層,B,3
D268,2_2人,2_2人以上,都市圏,1_持ち家,1_就業,中小企業,既婚,子ども有,6_50〜54歳,1_65歳未満,543.5746032,7538606,305420,30298,14,10674,2090,15100,11111,74403,0,44639,117086,11.9,中・低視聴率層,B,2
D269,2_2人,2_2人以上,都市圏,1_持ち家,1_就業,大企業,既婚,子ども有,6_50〜54歳,1_65歳未満,543.5746032,7336576,399220,98551,419,22872,112351,27974,24974,16823,0,46246,49006,17.7,高視聴率層,B,3
D270,2_2人,2_2人以上,都市圏,1_持ち家,1_就業,大企業,既婚,子ども有,6_50〜54歳,1_65歳未満,543.5746032,8319492,294355,86473,289,25043,3504,11086,774,53530,0,70017,43635,16.4,高視聴率層,A,1
D271,2_2人,2_2人以上,都市圏,1_持ち家,1_就業,大企業,既婚,子ども有,6_50〜54歳,1_65歳未満,543.5746032,8011752,293753,61525,219,19508,3741,32016,1586,46497,0,30833,97824,11.8,中・低視聴率層,A,3
D272,2_2人,2_2人以上,都市圏,1_持ち家,1_就業,大企業,既婚,子ども有,6_50〜54歳,1_65歳未満,543.5746032,7321803,254678,83449,2049,20048,2540,4434,2238,15154,0,4699,120062,14.6,高視聴率層,B,3
D273,2_2人,2_2人以上,都市圏,1_持ち家,1_就業,大企業,既婚,子ども有,6_50〜54歳,1_65歳未満,543.5746032,7448141,208699,61914,730,16152,15260,4548,10699,19445,0,35067,44881,14.2,高視聴率層,B,4
D274,2_2人,2_2人以上,都市圏,1_持ち家,1_就業,大企業,既婚,子ども有,6_50〜54歳,1_65歳未満,543.5746032,8200083,360144,87793,27274,15591,1052,8580,1197,37146,0,36727,144780,17.9,高視聴率層,A,4
D275,2_2人,2_2人以上,都市圏,1_持ち家,1_就業,大企業,既婚,子ども有,6_50〜54歳,1_65歳未満,543.5746032,8032271,449700,59065,121,17566,5630,2767,822,19207,0,74353,270165,17.5,高視聴率層,A,2
D276,2_2人,2_2人以上,都市圏,1_持ち家,1_就業,大企業,既婚,子ども有,6_50〜54歳,1_65歳未満,543.5746032,7295535,331158,65926,5979,22937,24679,5310,21085,76148,0,65881,43210,15.5,高視聴率層,A,1
D277,2_2人,2_2人以上,都市圏,1_持ち家,1_就業,大企業,既婚,子ども有,6_50〜54歳,1_65歳未満,543.5746032,7883614,858692,49484,102431,9142,8043,21883,1159,5899,0,12963,647685,12.1,中・低視聴率層,B,3
D278,2_2人,2_2人以上,都市圏,1_持ち家,1_就業,中小企業,既婚,子ども有,6_50〜54歳,1_65歳未満,543.5746032,7893876,301271,29402,318,9528,6843,6042,101,128861,0,18108,102065,9,中・低視聴率層,B,5
D279,2_2人,2_2人以上,都市圏,1_持ち家,1_就業,大企業,既婚,子ども有,6_50〜54歳,1_65歳未満,543.5746032,7921352,281973,97833,12504,17723,629,6796,961,14648,0,45412,85463,15.2,高視聴率層,B,5
D280,2_2人,2_2人以上,都市圏,1_持ち家,1_就業,大企業,既婚,子ども有,6_50〜54歳,1_65歳未満,543.5746032,7353694,376791,67485,6433,20692,6950,4425,2088,109046,0,55762,103906,17.1,高視聴率層,B,3
D281,2_2人,2_2人以上,都市圏,1_持ち家,1_就業,大企業,既婚,子ども有,6_50〜54歳,1_65歳未満,543.5746032,8083322,271741,83321,14593,7796,8926,5011,14835,25004,0,11883,100368,17.7,高視聴率層,A,2
D282,2_2人,2_2人以上,都市圏,1_持ち家,1_就業,大企業,既婚,子ども有,6_50〜54歳,1_65歳未満,543.5746032,7556618,251111,52948,1071,12109,11191,29642,14429,25573,0,21564,82581,13.6,中・低視聴率層,B,1
D283,2_2人,2_2人以上,都市圏,1_持ち家,1_就業,中小企業,既婚,子ども有,6_50〜54歳,1_65歳未満,543.5746032,8109784,500496,44806,863,12629,3141,16672,7605,16578,0,10666,387532,7,中・低視聴率層,A,3
D284,2_2人,2_2人以上,都市圏,1_持ち家,1_就業,大企業,既婚,子ども有,6_50〜54歳,1_65歳未満,543.5746032,7436562,283904,78260,2399,19570,11041,41529,14972,22101,0,14189,79838,19.4,高視聴率層,A,3
D285,2_2人,2_2人以上,都市圏,1_持ち家,1_就業,大企業,既婚,子ども有,6_50〜54歳,1_65歳未満,543.5746032,8227932,511744,72584,7142,21290,2563,6942,432,5307,0,50662,344818,15.1,高視聴率層,B,5
D286,2_2人,2_2人以上,都市圏,1_持ち家,1_就業,大企業,既婚,子ども有,6_50〜54歳,1_65歳未満,543.5746032,7907218,338681,84973,428,22977,11613,6857,526,94164,0,17127,100013,13,中・低視聴率層,A,5
D287,2_2人,2_2人以上,都市圏,1_持ち家,1_就業,大企業,既婚,子ども有,7_55〜59歳,1_65歳未満,544.4785479,6381492,151585,43921,769,15795,6258,15799,31643,6367,0,13663,17366,16.3,高視聴率層,B,3
D288,2_2人,2_2人以上,都市圏,1_持ち家,1_就業,中小企業,既婚,子ども有,7_55〜59歳,1_65歳未満,544.4785479,7196842,322189,43780,3556,11283,2397,2369,6531,19951,0,25451,206866,8.7,中・低視聴率層,A,3
D289,2_2人,2_2人以上,都市圏,1_持ち家,1_就業,大企業,既婚,子ども有,7_55〜59歳,1_65歳未満,544.4785479,7588400,387701,46223,22936,11946,5451,164815,735,40379,0,14728,80485,14.7,高視聴率層,B,2
D290,2_2人,2_2人以上,都市圏,1_持ち家,1_就業,大企業,既婚,子ども有,7_55〜59歳,1_65歳未満,544.4785479,7441312,366633,61170,713,12739,6732,28724,5072,5531,0,37038,208910,14.5,高視聴率層,A,3
D291,2_2人,2_2人以上,都市圏,1_持ち家,1_就業,大企業,既婚,子ども有,7_55〜59歳,1_65歳未満,544.4785479,6486898,328550,29401,13649,7974,5078,12812,16893,876,0,15109,226754,14,高視聴率層,A,3
D292,2_2人,2_2人以上,都市圏,1_持ち家,1_就業,大企業,既婚,子ども有,7_55〜59歳,1_65歳未満,544.4785479,6976991,166850,66700,1883,17164,4157,5310,16103,6233,0,5988,43308,6.7,中・低視聴率層,A,5
D293,2_2人,2_2人以上,都市圏,1_持ち家,1_就業,大企業,既婚,子ども有,7_55〜59歳,1_65歳未満,544.4785479,6939682,197227,52118,3200,16132,50648,2858,2389,8654,0,18291,42933,15.1,高視聴率層,B,3
D294,2_2人,2_2人以上,都市圏,1_持ち家,1_就業,大企業,既婚,子ども有,7_55〜59歳,1_65歳未満,544.4785479,7105507,209563,87645,2163,11195,26276,14432,9905,3538,0,5371,49032,16.6,高視聴率層,A,5
D295,2_2人,2_2人以上,都市圏,1_持ち家,1_就業,大企業,既婚,子ども有,7_55〜59歳,1_65歳未満,544.4785479,7018318,239542,35437,885,12560,1586,7620,9138,955,0,12217,159139,9.7,中・低視聴率層,B,1
D296,2_2人,2_2人以上,都市圏,1_持ち家,1_就業,大企業,既婚,子ども有,7_55〜59歳,1_65歳未満,544.4785479,7529261,226755,83436,560,19267,9215,14055,5818,12166,0,28140,54094,16.2,高視聴率層,A,4
D297,2_2人,2_2人以上,都市圏,1_持ち家,1_就業,大企業,既婚,子ども有,7_55〜59歳,1_65歳未満,544.4785479,7402232,507420,78044,25840,20623,2617,7674,5836,7104,0,14964,344715,18.1,高視聴率層,A,1
D298,2_2人,2_2人以上,都市圏,1_持ち家,1_就業,中小企業,既婚,子ども有,7_55〜59歳,1_65歳未満,544.4785479,7443153,287267,31069,8167,14195,3953,4174,11332,53487,0,70712,90176,8.8,中・低視聴率層,B,5
D299,2_2人,2_2人以上,都市圏,1_持ち家,1_就業,大企業,既婚,子ども有,7_55〜59歳,1_65歳未満,544.4785479,7302586,366351,95073,51536,22683,2893,14181,9629,17957,0,82886,69509,14.4,高視聴率層,B,5
D300,2_2人,2_2人以上,都市圏,1_持ち家,1_就業,大企業,既婚,子ども有,7_55〜59歳,1_65歳未満,544.4785479,6916431,189445,81223,1292,12016,9812,18886,5203,22009,0,11871,27130,16,高視聴率層,B,3
D301,2_2人,2_2人以上,都市圏,1_持ち家,1_就業,大企業,既婚,子ども有,7_55〜59歳,1_65歳未満,544.4785479,7827763,156334,39649,14985,12903,8544,11960,2205,15891,0,22674,27518,16.1,高視聴率層,A,1
D302,2_2人,2_2人以上,都市圏,1_持ち家,1_就業,中小企業,既婚,子ども有,7_55〜59歳,1_65歳未満,544.4785479,7207111,275096,60859,1976,15197,1288,14495,5651,150597,0,9010,16018,6.4,中・低視聴率層,A,4
D303,2_2人,2_2人以上,都市圏,1_持ち家,1_就業,大企業,既婚,子ども有,7_55〜59歳,1_65歳未満,544.4785479,7063187,302038,60072,2609,15342,7264,3574,3593,54867,0,38656,116057,16.7,高視聴率層,B,2
D304,2_2人,2_2人以上,都市圏,1_持ち家,1_就業,大企業,既婚,子ども有,7_55〜59歳,1_65歳未満,544.4785479,7131288,255245,80612,157,13536,3919,27959,3625,33409,0,5481,86543,16.7,高視聴率層,A,3
D305,2_2人,2_2人以上,都市圏,1_持ち家,1_就業,大企業,既婚,子ども有,7_55〜59歳,1_65歳未満,544.4785479,6911107,147141,37862,998,14572,5607,11121,3950,20671,0,6443,45913,14.1,高視聴率層,A,3
D306,2_2人,2_2人以上,都市圏,1_持ち家,1_就業,大企業,既婚,子ども有,7_55〜59歳,1_65歳未満,544.4785479,7408700,246633,48533,193,10779,1303,7692,1375,71611,0,7132,98010,14.9,高視聴率層,A,2
D307,2_2人,2_2人以上,都市圏,1_持ち家,1_就業,大企業,既婚,子ども有,7_55〜59歳,1_65歳未満,544.4785479,7475578,321617,66185,1156,12062,8052,14962,7623,8609,0,51321,151643,14.4,高視聴率層,B,5
D308,2_2人,2_2人以上,都市圏,1_持ち家,1_就業,中小企業,既婚,子ども有,7_55〜59歳,1_65歳未満,544.4785479,7223597,299492,60901,535,16808,5368,2336,2368,91647,0,24441,95082,11.1,中・低視聴率層,A,4
D309,2_2人,2_2人以上,都市圏,1_持ち家,1_就業,大企業,既婚,子ども有,7_55〜59歳,1_65歳未満,544.4785479,7644070,430591,63750,1153,12940,11703,17809,7126,15203,0,111337,189567,14.9,高視聴率層,A,1
D310,2_2人,2_2人以上,都市圏,1_持ち家,1_就業,大企業,既婚,子ども有,7_55〜59歳,1_65歳未満,544.4785479,6547824,271301,87538,90020,20788,3107,6024,1983,16494,0,17071,28272,13.1,中・低視聴率層,B,3
D311,2_2人,2_2人以上,都市圏,1_持ち家,1_就業,中小企業,既婚,子ども有,7_55〜59歳,1_65歳未満,544.4785479,7221914,231929,41920,5219,16028,6287,1852,70321,7855,0,16491,65953,11.6,中・低視聴率層,B,2
D312,2_2人,2_2人以上,都市圏,1_持ち家,1_就業,大企業,既婚,子ども有,7_55〜59歳,1_65歳未満,544.4785479,7191441,213208,54277,7028,12899,5318,24699,1015,36054,0,10068,61847,14.4,高視聴率層,B,5
D313,2_2人,2_2人以上,都市圏,1_持ち家,1_就業,大企業,既婚,子ども有,7_55〜59歳,1_65歳未満,544.4785479,8089945,152455,59658,2351,14140,6278,4426,2929,5650,0,25253,31766,10,中・低視聴率層,B,3
D314,2_2人,2_2人以上,都市圏,1_持ち家,1_就業,中小企業,既婚,子ども有,7_55〜59歳,1_65歳未満,544.4785479,6958690,195661,35736,295,12269,9930,12334,8583,17685,0,9763,89063,5.1,中・低視聴率層,A,2
D315,2_2人,2_2人以上,都市圏,1_持ち家,1_就業,大企業,既婚,子ども有,7_55〜59歳,1_65歳未満,544.4785479,7209456,250469,73438,2655,10311,4820,943,2172,10518,0,2201,143407,18.1,高視聴率層,A,4
D316,2_2人,2_2人以上,都市圏,1_持ち家,1_就業,大企業,既婚,子ども有,7_55〜59歳,1_65歳未満,544.4785479,7345033,213512,86080,592,19135,4488,4617,30960,13519,0,15437,38681,0.6,中・低視聴率層,A,2
D317,2_2人,2_2人以上,都市圏,1_持ち家,1_就業,中小企業,既婚,子ども有,7_55〜59歳,1_65歳未満,544.4785479,7054548,272541,60171,603,17923,5317,1142,9172,20826,0,67932,89449,8.8,中・低視聴率層,A,5
D318,2_2人,2_2人以上,都市圏,1_持ち家,1_就業,大企業,既婚,子ども有,7_55〜59歳,1_65歳未満,544.4785479,7863673,226254,90673,610,17796,2973,16009,1653,39130,0,38187,19218,15,高視聴率層,B,2
D319,2_2人,2_2人以上,都市圏,1_持ち家,1_就業,大企業,既婚,子ども有,7_55〜59歳,1_65歳未満,544.4785479,7111739,388818,64722,304,15571,2509,34363,7133,141085,0,55788,67339,14.6,高視聴率層,A,3
D320,2_2人,2_2人以上,都市圏,1_持ち家,1_就業,大企業,既婚,子ども有,7_55〜59歳,1_65歳未満,544.4785479,6864248,296295,94175,1215,27538,27288,1404,28056,61131,0,4685,50797,5.4,中・低視聴率層,A,3
D321,2_2人,2_2人以上,都市圏,1_持ち家,1_就業,大企業,既婚,子ども有,7_55〜59歳,1_65歳未満,544.4785479,7227274,198151,88827,928,31905,5291,3519,16682,9792,0,8025,33177,14.5,高視聴率層,B,5
D322,2_2人,2_2人以上,都市圏,1_持ち家,1_就業,大企業,既婚,子ども有,7_55〜59歳,1_65歳未満,544.4785479,7907043,410977,114941,808,24056,14424,2973,579,7203,0,8260,237729,15.4,高視聴率層,B,5
D323,2_2人,2_2人以上,都市圏,1_持ち家,1_就業,大企業,既婚,子ども有,7_55〜59歳,1_65歳未満,544.4785479,7193769,193516,96008,2005,13834,16048,11968,22230,6244,0,8573,16602,15.4,高視聴率層,A,5
D324,2_2人,2_2人以上,都市圏,1_持ち家,1_就業,中小企業,既婚,子ども有,7_55〜59歳,1_65歳未満,544.4785479,6988202,432345,55474,3828,14583,16745,10717,1145,87759,0,37346,204743,8.1,中・低視聴率層,B,5
D325,2_2人,2_2人以上,都市圏,1_持ち家,1_就業,大企業,既婚,子ども有,8_60〜64歳,1_65歳未満,572.8566434,5811442,256204,104912,3699,36925,6220,2603,9319,11788,0,10865,69868,15.7,高視聴率層,A,3
D326,2_2人,2_2人以上,都市圏,1_持ち家,1_就業,大企業,既婚,子ども有,8_60〜64歳,1_65歳未満,572.8566434,5891840,197928,43449,1818,9707,6483,9817,75356,20157,0,5679,25457,7.7,中・低視聴率層,A,3
D327,2_2人,2_2人以上,都市圏,1_持ち家,1_就業,大企業,既婚,子ども有,8_60〜64歳,1_65歳未満,572.8566434,6134226,361752,48772,204153,16508,4677,8883,33169,2423,0,28697,14466,19,高視聴率層,A,5
D328,2_2人,2_2人以上,都市圏,1_持ち家,1_就業,中小企業,既婚,子ども有,8_60〜64歳,1_65歳未満,572.8566434,5777010,168672,53839,1068,13463,3699,2130,50519,2450,0,9663,31838,8.7,中・低視聴率層,A,3
D329,2_2人,2_2人以上,都市圏,1_持ち家,1_就業,大企業,既婚,子ども有,8_60〜64歳,1_65歳未満,572.8566434,6388724,291738,54973,10841,12136,9601,35565,9021,5273,0,22282,132043,8.2,中・低視聴率層,A,4
D330,2_2人,2_2人以上,都市圏,1_持ち家,1_就業,大企業,既婚,子ども有,8_60〜64歳,1_65歳未満,572.8566434,6154585,431683,87727,114418,28110,11463,2788,1865,39052,0,117552,28702,15.7,高視聴率層,B,4
D331,2_2人,2_2人以上,都市圏,1_持ち家,1_就業,大企業,既婚,子ども有,8_60〜64歳,1_65歳未満,572.8566434,5824078,607926,46646,1226,13078,2868,4437,7161,337659,0,14132,180715,8.2,中・低視聴率層,B,1
D332,2_2人,2_2人以上,都市圏,1_持ち家,1_就業,大企業,既婚,子ども有,8_60〜64歳,1_65歳未満,572.8566434,6059326,347715,65418,4510,43393,2685,12262,12607,24565,0,89604,92666,15.4,高視聴率層,B,4
D333,2_2人,2_2人以上,都市圏,1_持ち家,1_就業,大企業,既婚,子ども有,8_60〜64歳,1_65歳未満,572.8566434,6424497,297838,57152,4591,16935,2639,34756,11150,40989,0,37821,91800,14.7,高視聴率層,A,5
D334,2_2人,2_2人以上,都市圏,1_持ち家,1_就業,大企業,既婚,子ども有,8_60〜64歳,1_65歳未満,572.8566434,5857613,316843,43619,43350,9677,2254,6560,10304,20365,0,25599,155112,15.4,高視聴率層,A,2
D335,2_2人,2_2人以上,都市圏,1_持ち家,1_就業,大企業,既婚,子ども有,8_60〜64歳,1_65歳未満,572.8566434,5721982,137078,57969,779,13251,15847,19697,9654,1584,0,13179,5114,14.3,高視聴率層,A,2
D336,2_2人,2_2人以上,都市圏,1_持ち家,1_就業,大企業,既婚,子ども有,8_60〜64歳,1_65歳未満,572.8566434,5475798,180069,61238,90,11174,7796,1607,899,7851,0,31848,57562,7,中・低視聴率層,A,3
D337,2_2人,2_2人以上,都市圏,1_持ち家,1_就業,中小企業,既婚,子ども有,8_60〜64歳,1_65歳未満,572.8566434,5924135,256001,29929,7242,13691,1564,13322,54034,11187,0,34407,90621,13.4,中・低視聴率層,A,5
D338,2_2人,2_2人以上,都市圏,1_持ち家,1_就業,大企業,既婚,子ども有,8_60〜64歳,1_65歳未満,572.8566434,6500597,113299,26711,7482,13016,545,26706,10242,5391,0,6415,16788,15.6,高視聴率層,A,5
D339,2_2人,2_2人以上,都市圏,1_持ち家,1_就業,大企業,既婚,子ども有,8_60〜64歳,1_65歳未満,572.8566434,5895516,288275,53301,18817,19382,2636,6103,22093,9686,0,81195,75058,7.3,中・低視聴率層,B,1
D340,2_2人,2_2人以上,都市圏,1_持ち家,1_就業,大企業,既婚,子ども有,8_60〜64歳,1_65歳未満,572.8566434,5416796,175907,64753,8437,29511,5837,5691,1314,2555,0,34917,22887,16.2,高視聴率層,A,3
D341,2_2人,2_2人以上,都市圏,1_持ち家,1_就業,大企業,既婚,子ども有,8_60〜64歳,1_65歳未満,572.8566434,6189844,239961,39621,551,15158,1112,4488,4379,40113,0,21789,112746,14,高視聴率層,B,5
D342,2_2人,2_2人以上,都市圏,1_持ち家,1_就業,大企業,既婚,子ども有,8_60〜64歳,1_65歳未満,572.8566434,5611161,348787,24769,159691,13695,957,32848,7107,17959,0,35636,56122,15.8,高視聴率層,A,4
D343,2_2人,2_2人以上,都市圏,1_持ち家,1_就業,大企業,既婚,子ども有,8_60〜64歳,1_65歳未満,572.8566434,6093039,324613,76763,1011,26765,13880,11675,24805,8460,0,129265,31984,14,高視聴率層,B,3
D344,2_2人,2_2人以上,都市圏,1_持ち家,1_就業,大企業,既婚,子ども有,8_60〜64歳,1_65歳未満,572.8566434,5311869,296471,29011,2855,18673,1878,3968,24675,20362,0,17178,177866,10.5,中・低視聴率層,A,5
D345,2_2人,2_2人以上,都市圏,1_持ち家,1_就業,中小企業,既婚,子ども有,8_60〜64歳,1_65歳未満,572.8566434,5805454,228649,41088,193,13038,22420,4804,1199,62296,0,21004,62602,6.8,中・低視聴率層,A,2
D346,2_2人,2_2人以上,都市圏,1_持ち家,1_就業,大企業,既婚,子ども有,8_60〜64歳,1_65歳未満,572.8566434,5832621,522374,45688,2260,10850,843,7986,12700,131448,0,20933,289661,0.5,中・低視聴率層,B,5
D347,2_2人,2_2人以上,都市圏,1_持ち家,1_就業,中小企業,既婚,子ども有,8_60〜64歳,1_65歳未満,572.8566434,5589309,269649,82027,1519,20922,22612,1458,241,9188,0,14174,117504,8.6,中・低視聴率層,B,4
D348,2_2人,2_2人以上,都市圏,1_持ち家,1_就業,大企業,既婚,子ども有,8_60〜64歳,1_65歳未満,572.8566434,5854288,198239,60510,10581,16395,2613,14245,1915,1098,0,21577,69301,19,高視聴率層,B,2
D349,2_2人,2_2人以上,都市圏,1_持ち家,1_就業,大企業,既婚,子ども有,8_60〜64歳,1_65歳未満,572.8566434,6463956,191772,63385,1394,16935,11776,23260,18860,21703,0,10296,24160,15.2,高視聴率層,A,1
D350,2_2人,2_2人以上,都市圏,1_持ち家,1_就業,大企業,既婚,子ども有,8_60〜64歳,1_65歳未満,572.8566434,5536671,259157,75434,2286,23763,20193,66834,13719,10107,0,15596,31220,14.2,高視聴率層,B,4
D351,2_2人,2_2人以上,都市圏,1_持ち家,1_就業,大企業,既婚,子ども有,8_60〜64歳,1_65歳未満,572.8566434,5392886,114196,63846,4116,16631,5542,737,1113,3997,0,8849,9361,14.5,高視聴率層,A,4
D352,2_2人,2_2人以上,都市圏,1_持ち家,1_就業,大企業,既婚,子ども有,8_60〜64歳,1_65歳未満,572.8566434,6324844,305883,70046,1826,11141,457,3347,14567,15683,0,102925,85886,14.3,高視聴率層,B,1
D353,2_2人,2_2人以上,都市圏,1_持ち家,1_就業,中小企業,既婚,子ども有,9_65歳以上,2_65歳以上,545.3663845,5632259,201740,54908,28932,33153,1952,33558,14845,5538,0,4778,24071,10.7,中・低視聴率層,B,2
D354,2_2人,2_2人以上,都市圏,1_持ち家,1_就業,大企業,既婚,子ども有,9_65歳以上,2_65歳以上,545.3663845,5698380,237666,53185,74056,19102,7861,1668,4812,6931,0,23923,46124,5.1,中・低視聴率層,B,3
D355,2_2人,2_2人以上,都市圏,1_持ち家,1_就業,中小企業,既婚,子ども有,9_65歳以上,2_65歳以上,545.3663845,5914234,313592,48160,5024,15943,4842,35461,9215,99141,0,56328,39473,7.7,中・低視聴率層,A,4
D356,2_2人,2_2人以上,都市圏,1_持ち家,1_就業,大企業,既婚,子ども有,9_65歳以上,2_65歳以上,545.3663845,5647670,458780,62125,4481,15689,8625,9593,18189,194983,0,96510,48582,14.1,高視聴率層,A,2
D357,2_2人,2_2人以上,都市圏,1_持ち家,1_就業,大企業,既婚,子ども有,9_65歳以上,2_65歳以上,545.3663845,5817982,126002,26503,911,9171,4488,8289,11618,6063,0,31247,27707,12,中・低視聴率層,A,5
D358,2_2人,2_2人以上,都市圏,1_持ち家,1_就業,中小企業,既婚,子ども有,9_65歳以上,2_65歳以上,545.3663845,4861939,240655,27862,806,13872,34858,11466,2371,1568,0,18036,129812,11.1,中・低視聴率層,A,1
D359,2_2人,2_2人以上,都市圏,1_持ち家,1_就業,大企業,既婚,子ども有,9_65歳以上,2_65歳以上,545.3663845,4744356,169200,49986,5842,21427,13812,3493,18475,27760,0,19898,8503,19.7,高視聴率層,A,1
D360,2_2人,2_2人以上,都市圏,1_持ち家,1_就業,大企業,既婚,子ども有,9_65歳以上,2_65歳以上,545.3663845,5403553,185804,45925,2550,13882,19510,16816,30570,11254,0,27706,17587,9.1,中・低視聴率層,B,5
D361,2_2人,2_2人以上,都市圏,1_持ち家,1_就業,中小企業,既婚,子ども有,9_65歳以上,2_65歳以上,545.3663845,5636480,390422,33981,5042,10513,4733,17343,11081,6980,0,123399,177348,2,中・低視聴率層,A,2
D362,2_2人,2_2人以上,都市圏,1_持ち家,1_就業,大企業,既婚,子ども有,9_65歳以上,2_65歳以上,545.3663845,5339725,166357,52625,108,11170,17777,14147,6241,5906,0,24080,34299,17.8,高視聴率層,A,1
D363,2_2人,2_2人以上,都市圏,1_持ち家,1_就業,大企業,既婚,子ども有,9_65歳以上,2_65歳以上,545.3663845,5594044,147021,52529,23129,16895,14868,3612,10436,2904,0,10643,12000,14,高視聴率層,B,1
D364,2_2人,2_2人以上,都市圏,1_持ち家,1_就業,大企業,既婚,子ども有,9_65歳以上,2_65歳以上,545.3663845,5281645,379766,46849,1900,22520,24429,1909,7299,122058,0,20030,132767,11.8,中・低視聴率層,B,4
D365,2_2人,2_2人以上,都市圏,1_持ち家,1_就業,中小企業,既婚,子ども有,9_65歳以上,2_65歳以上,545.3663845,5822762,343895,80747,8906,27423,64288,11196,4993,74431,0,43121,28788,9.5,中・低視聴率層,B,2
D366,2_2人,2_2人以上,都市圏,1_持ち家,1_就業,大企業,既婚,子ども有,9_65歳以上,2_65歳以上,545.3663845,5180303,117939,39354,2178,6461,21099,3594,10217,8877,0,7163,18992,18.7,高視聴率層,B,4
D367,2_2人,2_2人以上,都市圏,1_持ち家,1_就業,大企業,既婚,子ども有,9_65歳以上,2_65歳以上,545.3663845,5313742,170669,80347,85,19998,856,801,8684,22643,0,9648,27604,15.4,高視聴率層,B,1
D368,2_2人,2_2人以上,都市圏,1_持ち家,1_就業,大企業,既婚,子ども有,9_65歳以上,2_65歳以上,545.3663845,6132852,190849,49759,969,11599,21421,18175,6103,45835,0,26887,10098,15,高視聴率層,B,5
D369,2_2人,2_2人以上,都市圏,1_持ち家,1_就業,大企業,既婚,子ども有,9_65歳以上,2_65歳以上,545.3663845,5578847,163958,50432,1292,16870,5407,1121,8333,15695,0,29005,35798,5.4,中・低視聴率層,A,5
D370,2_2人,2_2人以上,都市圏,1_持ち家,1_就業,中小企業,既婚,子ども有,9_65歳以上,2_65歳以上,545.3663845,6085825,214398,30835,14904,5796,18837,3972,22044,48333,0,53943,15729,9.9,中・低視聴率層,A,1
D371,2_2人,2_2人以上,都市圏,1_持ち家,1_就業,大企業,既婚,子ども有,9_65歳以上,2_65歳以上,545.3663845,6309153,663260,25824,415,10891,1917,6989,6533,185360,0,8374,416952,17.1,高視聴率層,A,2
D372,2_2人,2_2人以上,都市圏,1_持ち家,1_就業,中小企業,既婚,子ども有,9_65歳以上,2_65歳以上,545.3663845,5229297,158330,27575,283,36673,1956,12558,2110,27823,0,35775,13574,9.7,中・低視聴率層,A,5
D373,2_2人,2_2人以上,都市圏,1_持ち家,1_就業,大企業,既婚,子ども有,9_65歳以上,2_65歳以上,545.3663845,5815969,332664,56666,34594,12757,43691,38444,4777,63656,0,39050,39026,16.1,高視聴率層,B,2
D374,2_2人,2_2人以上,都市圏,1_持ち家,1_就業,大企業,既婚,子ども有,9_65歳以上,2_65歳以上,545.3663845,5748201,208887,54790,1684,15359,12328,6782,7315,37764,0,22065,50796,10.5,中・低視聴率層,B,5
D375,2_2人,2_2人以上,都市圏,1_持ち家,1_就業,中小企業,既婚,子ども有,9_65歳以上,2_65歳以上,545.3663845,5060632,275684,57224,52248,12574,20838,1317,9898,34863,0,28324,58395,7.2,中・低視聴率層,B,4
D376,2_2人,2_2人以上,都市圏,1_持ち家,1_就業,大企業,既婚,子ども有,9_65歳以上,2_65歳以上,545.3663845,5293390,174672,37709,1057,33687,10046,3545,6352,36975,0,7661,37635,17.6,高視聴率層,B,5
D377,2_2人,2_2人以上,都市圏,1_持ち家,1_就業,大企業,既婚,子ども有,9_65歳以上,2_65歳以上,545.3663845,5512914,319396,37299,2592,14673,15629,10080,5566,21747,0,64917,146889,15,高視聴率層,B,3
D378,2_2人,2_2人以上,都市圏,1_持ち家,1_就業,大企業,既婚,子ども有,9_65歳以上,2_65歳以上,545.3663845,6046389,130091,63118,4994,19979,7804,2258,4479,4833,0,11184,11439,15,高視聴率層,B,1
D379,2_2人,2_2人以上,都市圏,1_持ち家,1_就業,大企業,既婚,子ども有,9_65歳以上,2_65歳以上,545.3663845,5504850,259431,75327,47793,20578,1050,45860,10149,25387,0,21581,11702,15.3,高視聴率層,B,3
D380,2_2人,2_2人以上,都市圏,1_持ち家,1_就業,大企業,既婚,子ども有,9_65歳以上,2_65歳以上,545.3663845,5218691,554305,32780,601,9476,7008,708,6795,444777,0,41314,10842,11.4,中・低視聴率層,B,5
D381,2_2人,2_2人以上,都市圏,1_持ち家,1_就業,大企業,既婚,子ども有,9_65歳以上,2_65歳以上,545.3663845,5519190,150130,49625,711,13864,12963,5083,4731,16754,0,11247,35147,15.9,高視聴率層,A,1
D382,2_2人,2_2人以上,都市圏,1_持ち家,1_就業,中小企業,既婚,子ども有,9_65歳以上,2_65歳以上,545.3663845,5217069,202924,52171,10701,14004,9125,4559,11898,54730,0,29098,16634,13.1,中・低視聴率層,A,3
D383,2_2人,2_2人以上,都市圏,1_持ち家,1_就業,大企業,既婚,子ども有,9_65歳以上,2_65歳以上,545.3663845,5298927,295831,36224,917,14718,1454,17116,16076,118599,0,49465,41259,15.2,高視聴率層,B,4
D384,2_2人,2_2人以上,都市圏,1_持ち家,1_就業,大企業,既婚,子ども有,9_65歳以上,2_65歳以上,545.3663845,5579301,256426,55739,903,10476,3347,909,6213,9907,0,19442,149486,14.9,高視聴率層,A,1
D385,2_2人,2_2人以上,都市圏,1_持ち家,1_就業,大企業,既婚,子ども有,9_65歳以上,2_65歳以上,545.3663845,5664001,216454,55242,5622,15848,1919,62842,2680,43317,0,20762,8219,6,中・低視聴率層,A,4
D386,2_2人,2_2人以上,都市圏,1_持ち家,1_就業,大企業,既婚,子ども有,9_65歳以上,2_65歳以上,545.3663845,5895131,281010,53076,45008,19525,12105,16906,51814,19409,0,13298,49866,16.7,高視聴率層,A,1
D387,2_2人,2_2人以上,都市圏,1_持ち家,1_就業,大企業,既婚,子ども有,9_65歳以上,2_65歳以上,545.3663845,5094765,199693,40510,1075,16020,41776,10773,21384,11630,0,14660,41860,14.5,高視聴率層,B,3
D388,2_2人,2_2人以上,都市圏,1_持ち家,1_就業,大企業,既婚,子ども有,9_65歳以上,2_65歳以上,545.3663845,5646796,265183,60482,1735,11411,21517,5865,2514,127263,0,20798,13595,5.6,中・低視聴率層,B,4
D389,2_2人,2_2人以上,都市圏,1_持ち家,1_就業,大企業,既婚,子ども有,9_65歳以上,2_65歳以上,545.3663845,5321822,209146,112997,13318,30164,1265,7235,7282,21998,0,5522,9360,18.3,高視聴率層,A,3
D390,2_2人,2_2人以上,都市圏,1_持ち家,1_就業,中小企業,既婚,子ども有,9_65歳以上,2_65歳以上,545.3663845,6527633,128390,69638,2430,15204,2416,3308,10448,5333,0,6812,12796,11.8,中・低視聴率層,A,1
D391,2_2人,2_2人以上,都市圏,1_持ち家,1_就業,大企業,既婚,子ども有,9_65歳以上,2_65歳以上,545.3663845,5599182,202534,88439,5753,28454,2896,3661,3363,21162,0,20696,28107,15.6,高視聴率層,A,3
D392,2_2人,2_2人以上,都市圏,1_持ち家,1_就業,大企業,既婚,子ども有,9_65歳以上,2_65歳以上,545.3663845,5873656,306953,56715,131276,21241,1341,7296,1960,13287,0,18180,55653,17.3,高視聴率層,B,4
D393,2_2人,2_2人以上,都市圏,1_持ち家,1_就業,大企業,既婚,子ども有,9_65歳以上,2_65歳以上,545.3663845,5651467,199476,53663,2159,12787,3322,10303,8478,11113,0,5860,91787,15.5,高視聴率層,B,5
D394,2_2人,2_2人以上,都市圏,1_持ち家,1_就業,大企業,既婚,子ども有,9_65歳以上,2_65歳以上,545.3663845,5007968,175850,55199,25943,19982,29730,459,11987,1802,0,19747,10997,13.3,中・低視聴率層,B,1
D395,2_2人,2_2人以上,都市圏,1_持ち家,1_就業,中小企業,既婚,子ども有,9_65歳以上,2_65歳以上,545.3663845,5564850,215843,51671,1244,11108,71497,1868,4785,12547,0,1225,59894,9.1,中・低視聴率層,B,2
D396,2_2人,2_2人以上,都市圏,1_持ち家,1_就業,大企業,既婚,子ども有,9_65歳以上,2_65歳以上,545.3663845,5495760,357215,39903,1110,31236,6694,3123,26385,23379,0,148099,77281,14.5,高視聴率層,B,4
D397,2_2人,2_2人以上,都市圏,1_持ち家,1_就業,大企業,既婚,子ども有,9_65歳以上,2_65歳以上,545.3663845,5966822,154471,42176,1982,11653,15678,17953,3587,22062,0,18587,20790,14.9,高視聴率層,A,3
D398,2_2人,2_2人以上,都市圏,1_持ち家,1_就業,大企業,既婚,子ども有,9_65歳以上,2_65歳以上,545.3663845,5389366,190850,42190,287,21555,3650,1237,7630,9537,0,13321,91438,4.8,中・低視聴率層,A,5
D399,2_2人,2_2人以上,都市圏,1_持ち家,1_就業,大企業,既婚,子ども有,9_65歳以上,2_65歳以上,545.3663845,5556613,256612,43460,60,13193,969,5952,6086,99885,0,26989,60013,15.6,高視聴率層,A,4
D400,2_2人,2_2人以上,都市圏,1_持ち家,1_就業,中小企業,既婚,子ども有,9_65歳以上,2_65歳以上,545.3663845,6122750,163424,45045,3189,16177,6901,5029,10561,15210,0,41257,20052,10.3,中・低視聴率層,B,5
D401,2_2人,2_2人以上,都市圏,1_持ち家,1_就業,大企業,既婚,子ども有,9_65歳以上,2_65歳以上,545.3663845,5461307,159309,46653,12191,15725,17412,19321,8201,1064,0,13595,25142,15,高視聴率層,A,4
D402,2_2人,2_2人以上,都市圏,2_借家・借間,1_就業,大企業,既婚,子ども有,1_30歳未満,1_65歳未満,629.0625,4861515,205152,56155,49838,14299,6521,6119,22178,26576,0,2455,21007,16.5,高視聴率層,B,4
D403,2_2人,2_2人以上,都市圏,2_借家・借間,1_就業,大企業,既婚,子ども有,1_30歳未満,1_65歳未満,629.0625,5491318,174043,48134,45042,9024,6774,5359,4067,21299,0,9879,24460,17.5,高視聴率層,B,3
D404,2_2人,2_2人以上,都市圏,2_借家・借間,1_就業,大企業,既婚,子ども有,1_30歳未満,1_65歳未満,629.0625,5432072,229150,40990,66529,12539,1582,22394,2938,21045,0,40408,20720,14.3,高視聴率層,B,5
D405,2_2人,2_2人以上,都市圏,2_借家・借間,1_就業,大企業,既婚,子ども有,1_30歳未満,1_65歳未満,629.0625,5425635,281862,36376,54249,9313,6852,26470,1916,66622,0,12242,67818,14.7,高視聴率層,B,3
D406,2_2人,2_2人以上,都市圏,2_借家・借間,1_就業,大企業,既婚,子ども有,1_30歳未満,1_65歳未満,629.0625,5567376,291102,61570,47515,16761,1720,1904,3892,65795,0,19672,72269,3.2,中・低視聴率層,A,4
D407,2_2人,2_2人以上,都市圏,2_借家・借間,1_就業,中小企業,既婚,子ども有,1_30歳未満,1_65歳未満,629.0625,5287921,191727,59881,38418,15327,3324,22705,9504,7807,0,21065,13691,4.6,中・低視聴率層,A,5
D408,2_2人,2_2人以上,都市圏,2_借家・借間,1_就業,大企業,既婚,子ども有,1_30歳未満,1_65歳未満,629.0625,5697548,330408,53352,78183,10818,2240,20602,2201,22139,0,109641,31228,16.3,高視聴率層,A,1
D409,2_2人,2_2人以上,都市圏,2_借家・借間,1_就業,大企業,既婚,子ども有,2_30〜34歳,1_65歳未満,640.1478261,5524292,951781,22066,28409,12760,1328,8311,11564,24052,0,9139,834148,14.6,高視聴率層,B,4
D410,2_2人,2_2人以上,都市圏,2_借家・借間,1_就業,大企業,既婚,子ども有,2_30〜34歳,1_65歳未満,640.1478261,6140960,231304,53060,47443,12917,4606,1559,9840,12426,0,28087,61361,16.8,高視聴率層,B,5
D411,2_2人,2_2人以上,都市圏,2_借家・借間,1_就業,大企業,既婚,子ども有,2_30〜34歳,1_65歳未満,640.1478261,6002217,152546,41491,42277,11530,2162,9053,5904,12084,0,20227,7815,15.9,高視聴率層,B,1
D412,2_2人,2_2人以上,都市圏,2_借家・借間,1_就業,大企業,既婚,子ども有,2_30〜34歳,1_65歳未満,640.1478261,6045018,453281,57506,49206,14757,5314,1703,2285,197677,0,31185,93644,15,高視聴率層,A,5
D413,2_2人,2_2人以上,都市圏,2_借家・借間,1_就業,大企業,既婚,子ども有,2_30〜34歳,1_65歳未満,640.1478261,5896334,267599,39953,21916,10390,1199,39848,1163,123068,0,18370,11687,15.5,高視聴率層,A,5
D414,2_2人,2_2人以上,都市圏,2_借家・借間,1_就業,中小企業,既婚,子ども有,2_30〜34歳,1_65歳未満,640.1478261,6132691,219082,50071,31911,10102,5505,1613,28123,16638,0,27361,47755,13.8,中・低視聴率層,B,3
D415,2_2人,2_2人以上,都市圏,2_借家・借間,1_就業,大企業,既婚,子ども有,2_30〜34歳,1_65歳未満,640.1478261,5862647,1118940,35527,42198,12435,19962,9003,33722,50310,0,16970,898808,15.5,高視聴率層,A,5
D416,2_2人,2_2人以上,都市圏,2_借家・借間,1_就業,大企業,既婚,子ども有,2_30〜34歳,1_65歳未満,640.1478261,6184099,475351,57579,47172,14309,6770,7996,1132,293711,0,21789,24889,13.4,中・低視聴率層,A,4
D417,2_2人,2_2人以上,都市圏,2_借家・借間,1_就業,中小企業,既婚,子ども有,2_30〜34歳,1_65歳未満,640.1478261,5695195,378909,31116,22470,11427,5936,17891,147010,2379,0,15029,125647,13.5,中・低視聴率層,A,3
D418,2_2人,2_2人以上,都市圏,2_借家・借間,1_就業,大企業,既婚,子ども有,3_35〜39歳,1_65歳未満,655.3058824,6398991,310470,49458,63774,10220,4710,4857,16786,28108,0,43933,88620,11.3,中・低視聴率層,A,1
D419,2_2人,2_2人以上,都市圏,2_借家・借間,1_就業,中小企業,既婚,子ども有,3_35〜39歳,1_65歳未満,655.3058824,6101688,283026,65857,43937,14459,2991,4749,7100,13014,0,46418,84497,13.5,中・低視聴率層,A,4
D420,2_2人,2_2人以上,都市圏,2_借家・借間,1_就業,大企業,既婚,子ども有,3_35〜39歳,1_65歳未満,655.3058824,6149355,212674,28924,50593,14690,7129,3806,3145,50988,0,10092,43302,16.7,高視聴率層,B,2
D421,2_2人,2_2人以上,都市圏,2_借家・借間,1_就業,大企業,既婚,子ども有,3_35〜39歳,1_65歳未満,655.3058824,6349928,267380,30900,38053,14980,1960,7086,12112,73702,0,9784,78799,14.2,高視聴率層,B,3
D422,2_2人,2_2人以上,都市圏,2_借家・借間,1_就業,大企業,既婚,子ども有,3_35〜39歳,1_65歳未満,655.3058824,6330140,264423,61972,41296,11474,2902,6937,953,86557,0,18467,33860,14.3,高視聴率層,B,3
D423,2_2人,2_2人以上,都市圏,2_借家・借間,1_就業,大企業,既婚,子ども有,3_35〜39歳,1_65歳未満,655.3058824,6286979,224848,33086,26533,10284,1492,3653,1414,42108,0,76132,30140,14.2,高視聴率層,A,2
D424,2_2人,2_2人以上,都市圏,2_借家・借間,1_就業,大企業,既婚,子ども有,3_35〜39歳,1_65歳未満,655.3058824,6288806,235795,37229,66724,10537,1895,5706,3073,44225,0,36607,29795,1.9,中・低視聴率層,B,5
D425,2_2人,2_2人以上,都市圏,2_借家・借間,1_就業,大企業,既婚,子ども有,3_35〜39歳,1_65歳未満,655.3058824,5841823,216033,24524,41099,10504,5019,3937,1267,62449,0,6854,60376,16.9,高視聴率層,B,3
D426,2_2人,2_2人以上,都市圏,2_借家・借間,1_就業,中小企業,既婚,子ども有,3_35〜39歳,1_65歳未満,655.3058824,5781178,193972,44027,39631,14864,9710,4114,37075,21202,0,5230,18116,8.5,中・低視聴率層,B,5
D427,2_2人,2_2人以上,都市圏,2_借家・借間,1_就業,大企業,既婚,子ども有,3_35〜39歳,1_65歳未満,655.3058824,5890576,245068,50482,40743,16458,2911,8384,15295,54519,0,38334,17938,17.4,高視聴率層,B,2
D428,2_2人,2_2人以上,都市圏,2_借家・借間,1_就業,大企業,既婚,子ども有,4_40〜44歳,1_65歳未満,549.9361702,5298656,239736,47466,34551,10405,9059,15346,14144,36986,0,42040,29733,14.6,高視聴率層,A,1
D429,2_2人,2_2人以上,都市圏,2_借家・借間,1_就業,大企業,既婚,子ども有,4_40〜44歳,1_65歳未満,549.9361702,5703763,215912,48231,22972,9872,9501,5938,8577,27782,0,18016,65018,13.1,中・低視聴率層,A,4
D430,2_2人,2_2人以上,都市圏,2_借家・借間,1_就業,中小企業,既婚,子ども有,4_40〜44歳,1_65歳未満,549.9361702,5325580,238645,35093,40692,12602,22366,5415,3234,73997,0,25100,20142,10.1,中・低視聴率層,A,5
D431,2_2人,2_2人以上,都市圏,2_借家・借間,1_就業,大企業,既婚,子ども有,4_40〜44歳,1_65歳未満,549.9361702,5244136,178108,39596,55198,10724,2343,5162,2341,25274,0,21379,16087,15.6,高視聴率層,A,2
D432,2_2人,2_2人以上,都市圏,2_借家・借間,1_就業,大企業,既婚,子ども有,5_45〜49歳,1_65歳未満,618,5252876,171445,56389,15515,14071,7608,4735,5019,37257,397,14625,15825,15.7,高視聴率層,A,2
D433,2_2人,2_2人以上,都市圏,2_借家・借間,1_就業,大企業,既婚,子ども有,5_45〜49歳,1_65歳未満,618,5148595,222498,52962,29733,17637,3444,2577,4130,18407,519,2192,90894,16.4,高視聴率層,B,3
D434,2_2人,2_2人以上,都市圏,2_借家・借間,1_就業,中小企業,既婚,子ども有,5_45〜49歳,1_65歳未満,618,4906084,194758,16148,39464,14855,9520,2629,2114,23504,11,44845,41662,8.7,中・低視聴率層,A,3
D435,2_2人,2_2人以上,都市圏,2_借家・借間,1_就業,大企業,既婚,子ども有,6_50〜54歳,1_65歳未満,605.5223881,5669691,209594,56953,46318,11479,6605,4092,1703,32079,0,10167,40194,4.7,中・低視聴率層,B,1
D436,2_2人,2_2人以上,都市圏,2_借家・借間,1_就業,大企業,既婚,子ども有,6_50〜54歳,1_65歳未満,605.5223881,5724469,193036,36416,25592,8823,2584,12688,2744,17598,0,14921,71665,15.8,高視聴率層,A,2
D437,2_2人,2_2人以上,都市圏,2_借家・借間,1_就業,大企業,既婚,子ども有,7_55〜59歳,1_65歳未満,668.4225352,4703925,173921,35791,23108,15056,9996,8653,2197,10464,450,28468,39732,17.7,高視聴率層,A,2
D438,2_2人,2_2人以上,都市圏,2_借家・借間,1_就業,大企業,既婚,子ども有,7_55〜59歳,1_65歳未満,668.4225352,5170545,127855,23145,37516,20104,7679,4558,7752,10811,8,9625,6653,4.8,中・低視聴率層,A,3
D439,2_2人,2_2人以上,都市圏,2_借家・借間,1_就業,大企業,既婚,子ども有,7_55〜59歳,1_65歳未満,668.4225352,4906519,352309,50529,19204,10472,3146,4711,5005,10606,87,5599,242946,14,高視聴率層,B,5
D440,2_2人,2_2人以上,都市圏,2_借家・借間,1_就業,中小企業,既婚,子ども有,7_55〜59歳,1_65歳未満,668.4225352,4556923,145718,38022,37363,13474,17463,4101,6221,11073,66,3512,14419,13.7,中・低視聴率層,A,5
D441,2_2人,2_2人以上,都市圏,2_借家・借間,1_就業,大企業,既婚,子ども有,7_55〜59歳,1_65歳未満,668.4225352,4884733,139367,31801,42735,10197,2324,1041,3121,12004,1526,25026,9587,19.5,高視聴率層,A,1
D442,2_2人,2_2人以上,都市圏,2_借家・借間,1_就業,大企業,既婚,子ども有,7_55〜59歳,1_65歳未満,668.4225352,4753106,169640,45859,17607,9364,2934,14027,6022,37361,305,13331,22827,15.5,高視聴率層,B,1
D443,2_2人,2_2人以上,都市圏,2_借家・借間,1_就業,大企業,既婚,子ども有,7_55〜59歳,1_65歳未満,668.4225352,4640478,224523,43016,45940,15757,2588,4631,3648,59466,157,3758,45557,7.6,中・低視聴率層,A,5
D444,2_2人,2_2人以上,都市圏,2_借家・借間,1_就業,中小企業,既婚,子ども有,7_55〜59歳,1_65歳未満,668.4225352,4751955,171272,46468,19777,15422,15440,4194,15330,21249,61,17387,15940,9.7,中・低視聴率層,B,5
D445,2_2人,2_2人以上,都市圏,2_借家・借間,1_就業,大企業,既婚,子ども有,7_55〜59歳,1_65歳未満,668.4225352,4741000,399779,37829,87108,13325,661,2305,1751,13021,3,6838,236932,10.2,中・低視聴率層,A,1
D446,2_2人,2_2人以上,都市圏,2_借家・借間,1_就業,中小企業,既婚,子ども有,8_60〜64歳,1_65歳未満,661.0833333,4045449,236881,42534,24483,12196,4780,4605,6013,23458,0,4139,114668,9.1,中・低視聴率層,B,5
D447,2_2人,2_2人以上,都市圏,2_借家・借間,1_就業,大企業,既婚,子ども有,8_60〜64歳,1_65歳未満,661.0833333,4186682,155029,44484,22814,13993,3703,11443,38971,8031,0,3438,8149,5.6,中・低視聴率層,A,4
D448,2_2人,2_2人以上,都市圏,2_借家・借間,1_就業,中小企業,既婚,子ども有,8_60〜64歳,1_65歳未満,661.0833333,4419535,190495,37436,33030,14994,8172,2306,24212,25746,0,2433,42161,5.8,中・低視聴率層,A,2
D449,2_2人,2_2人以上,都市圏,2_借家・借間,1_就業,大企業,既婚,子ども有,8_60〜64歳,1_65歳未満,661.0833333,4181353,369000,43552,13556,11372,562,3864,2080,259463,0,15285,19262,17.1,高視聴率層,B,2
D450,2_2人,2_2人以上,都市圏,2_借家・借間,1_就業,大企業,既婚,子ども有,8_60〜64歳,1_65歳未満,661.0833333,4492647,143687,33048,31892,15159,3340,5275,6804,20094,0,19366,8704,19,高視聴率層,A,2
D451,2_2人,2_2人以上,都市圏,2_借家・借間,1_就業,大企業,既婚,子ども有,8_60〜64歳,1_65歳未満,661.0833333,4191350,392536,41666,38815,15148,15567,241,30664,20192,0,23729,206512,14.4,高視聴率層,A,1
D452,2_2人,2_2人以上,都市圏,2_借家・借間,1_就業,大企業,既婚,子ども有,9_65歳以上,2_65歳以上,517.4333333,5218613,220084,54513,11302,11596,4894,1475,7775,37348,0,9131,82045,8,中・低視聴率層,A,3
D453,2_2人,2_2人以上,都市圏,2_借家・借間,1_就業,大企業,既婚,子ども有,9_65歳以上,2_65歳以上,517.4333333,4855055,247219,58473,94485,13041,5607,3169,27546,10972,0,7390,26531,18.8,高視聴率層,B,2
D454,2_2人,2_2人以上,都市圏,2_借家・借間,1_就業,大企業,既婚,子ども有,9_65歳以上,2_65歳以上,517.4333333,4986459,219943,28032,28603,17504,4171,3831,14640,69205,0,25626,28327,14.1,高視聴率層,A,3
D455,2_2人,2_2人以上,都市圏,2_借家・借間,1_就業,大企業,既婚,子ども有,9_65歳以上,2_65歳以上,517.4333333,4651159,181502,48632,31768,15962,10433,2309,16050,23527,0,4593,28223,14.1,高視聴率層,A,2
D456,2_2人,2_2人以上,都市圏,2_借家・借間,1_就業,大企業,既婚,子ども有,9_65歳以上,2_65歳以上,517.4333333,4954045,151975,25240,20736,12248,1816,3958,6257,7219,0,54892,19603,16.6,高視聴率層,B,3
D457,2_2人,2_2人以上,都市圏,2_借家・借間,1_就業,大企業,既婚,子ども有,9_65歳以上,2_65歳以上,517.4333333,4678371,266578,37489,71873,24470,4213,6846,5686,34942,0,57861,23193,15.2,高視聴率層,B,3
D458,3_3人以上,1_1人以下,都市圏,1_持ち家,1_就業,大企業,既婚,子ども有,1_30歳未満,1_65歳未満,534.6451613,3856187,114651,29193,22,14548,3634,2487,6874,29623,306,5496,22464,16.5,高視聴率層,A,2
D459,3_3人以上,1_1人以下,都市圏,1_持ち家,1_就業,大企業,既婚,子ども有,1_30歳未満,1_65歳未満,534.6451613,3899916,183584,43822,182,25610,3190,12383,5703,20848,1474,29560,40806,15.3,高視聴率層,A,2
D460,3_3人以上,1_1人以下,都市圏,1_持ち家,1_就業,大企業,既婚,子ども有,1_30歳未満,1_65歳未満,534.6451613,3905759,163048,41141,159,11012,12195,8222,29086,20951,3720,23956,12601,17.7,高視聴率層,B,3
D461,3_3人以上,1_1人以下,都市圏,1_持ち家,1_就業,中小企業,既婚,子ども有,1_30歳未満,1_65歳未満,534.6451613,4002399,172210,29389,132,11024,3337,12274,25146,35092,2090,27598,26123,8.9,中・低視聴率層,B,4
D462,3_3人以上,1_1人以下,都市圏,1_持ち家,1_就業,大企業,既婚,子ども有,1_30歳未満,1_65歳未満,534.6451613,4251428,150806,35169,126,11533,3568,16084,11409,38814,711,10008,23378,16.8,高視聴率層,B,5
D463,3_3人以上,1_1人以下,都市圏,1_持ち家,1_就業,大企業,既婚,子ども有,1_30歳未満,1_65歳未満,534.6451613,3779790,171764,39323,82,10846,7890,6278,13876,31382,2619,19936,39528,15,高視聴率層,A,2
D464,3_3人以上,1_1人以下,都市圏,1_持ち家,1_就業,大企業,既婚,子ども有,2_30〜34歳,1_65歳未満,579.7420635,4821512,174973,24769,535,13963,9056,29530,5234,54198,7197,10196,20292,6.4,中・低視聴率層,B,4
D465,3_3人以上,1_1人以下,都市圏,1_持ち家,1_就業,大企業,既婚,子ども有,2_30〜34歳,1_65歳未満,579.7420635,4842459,315464,51376,436,16063,16287,7435,1800,58623,15656,102864,44920,18.5,高視聴率層,A,2
D466,3_3人以上,1_1人以下,都市圏,1_持ち家,1_就業,大企業,既婚,子ども有,2_30〜34歳,1_65歳未満,579.7420635,4951303,203702,39626,2046,8801,8869,8950,11655,17646,13993,30072,62042,17.8,高視聴率層,A,3
D467,3_3人以上,1_1人以下,都市圏,1_持ち家,1_就業,大企業,既婚,子ども有,2_30〜34歳,1_65歳未満,579.7420635,4643056,190351,27844,9866,18485,40540,32969,12371,15660,6288,4760,21565,14.1,高視聴率層,A,3
D468,3_3人以上,1_1人以下,都市圏,1_持ち家,1_就業,大企業,既婚,子ども有,2_30〜34歳,1_65歳未満,579.7420635,4957044,361504,61245,188,13324,10710,43719,5628,27530,27221,20533,151402,15.8,高視聴率層,B,2
D469,3_3人以上,1_1人以下,都市圏,1_持ち家,1_就業,大企業,既婚,子ども有,2_30〜34歳,1_65歳未満,579.7420635,4485956,174764,30659,2246,15250,9204,18084,13869,19394,5987,3255,56811,17,高視聴率層,B,3
D470,3_3人以上,1_1人以下,都市圏,1_持ち家,1_就業,大企業,既婚,子ども有,2_30〜34歳,1_65歳未満,579.7420635,4831696,177412,24958,12039,8366,14938,12249,2002,15679,7997,17351,61829,11.7,中・低視聴率層,B,4
D471,3_3人以上,1_1人以下,都市圏,1_持ち家,1_就業,大企業,既婚,子ども有,2_30〜34歳,1_65歳未満,579.7420635,4928608,126982,23555,288,11300,1794,4784,8035,17378,3872,8538,47434,14.1,高視聴率層,B,3
D472,3_3人以上,1_1人以下,都市圏,1_持ち家,1_就業,大企業,既婚,子ども有,2_30〜34歳,1_65歳未満,579.7420635,4688522,189047,19792,1223,8697,15345,9854,3328,1488,3591,88203,37521,15.1,高視聴率層,A,5
D473,3_3人以上,1_1人以下,都市圏,1_持ち家,1_就業,大企業,既婚,子ども有,2_30〜34歳,1_65歳未満,579.7420635,4805560,799916,90160,513963,25989,2456,6113,6216,10340,58790,1331,84555,10.2,中・低視聴率層,A,1
D474,3_3人以上,1_1人以下,都市圏,1_持ち家,1_就業,大企業,既婚,子ども有,2_30〜34歳,1_65歳未満,579.7420635,4746244,110494,32829,82,24012,1831,4760,4306,4619,1130,10110,26813,15.6,高視聴率層,A,4
D475,3_3人以上,1_1人以下,都市圏,1_持ち家,1_就業,中小企業,既婚,子ども有,2_30〜34歳,1_65歳未満,579.7420635,4497130,273763,40177,1955,12475,4163,5834,11991,94857,20145,23922,58240,6.9,中・低視聴率層,B,1
D476,3_3人以上,1_1人以下,都市圏,1_持ち家,1_就業,大企業,既婚,子ども有,2_30〜34歳,1_65歳未満,579.7420635,4861118,152006,29317,1191,27367,2216,9225,5736,10877,22139,20137,23796,16.7,高視聴率層,B,3
D477,3_3人以上,1_1人以下,都市圏,1_持ち家,1_就業,大企業,既婚,子ども有,2_30〜34歳,1_65歳未満,579.7420635,4606169,176756,52996,602,15314,37518,9326,13772,2615,18130,6426,20052,15.6,高視聴率層,B,4
D478,3_3人以上,1_1人以下,都市圏,1_持ち家,1_就業,大企業,既婚,子ども有,2_30〜34歳,1_65歳未満,579.7420635,4695235,207188,57855,359,26405,7114,13776,5374,19990,5749,46345,24217,16.4,高視聴率層,A,3
D479,3_3人以上,1_1人以下,都市圏,1_持ち家,1_就業,大企業,既婚,子ども有,2_30〜34歳,1_65歳未満,579.7420635,4996943,221636,46608,552,23263,2851,17270,3564,3010,28906,20879,74729,11.6,中・低視聴率層,A,5
D480,3_3人以上,1_1人以下,都市圏,1_持ち家,1_就業,中小企業,既婚,子ども有,2_30〜34歳,1_65歳未満,579.7420635,4634059,203093,19730,12050,11609,12055,18825,3008,15371,47846,14975,47619,4.6,中・低視聴率層,B,4
D481,3_3人以上,1_1人以下,都市圏,1_持ち家,1_就業,大企業,既婚,子ども有,2_30〜34歳,1_65歳未満,579.7420635,4651187,383192,34895,34,24214,7540,7690,3820,62864,6094,38187,197850,15.7,高視聴率層,A,1
D482,3_3人以上,1_1人以下,都市圏,1_持ち家,1_就業,大企業,既婚,子ども有,2_30〜34歳,1_65歳未満,579.7420635,4583510,172508,35925,1217,19145,4507,4599,36510,6579,9361,40108,14552,14.3,高視聴率層,A,5
D483,3_3人以上,1_1人以下,都市圏,1_持ち家,1_就業,大企業,既婚,子ども有,2_30〜34歳,1_65歳未満,579.7420635,5007206,181090,44092,2645,13445,15117,7485,17601,12614,14288,25396,28403,16.6,高視聴率層,B,5
D484,3_3人以上,1_1人以下,都市圏,1_持ち家,1_就業,大企業,既婚,子ども有,2_30〜34歳,1_65歳未満,579.7420635,4784765,147010,45862,607,10522,6134,17071,2160,19519,3601,6829,34700,8.2,中・低視聴率層,B,3
D485,3_3人以上,1_1人以下,都市圏,1_持ち家,1_就業,大企業,既婚,子ども有,2_30〜34歳,1_65歳未満,579.7420635,4702051,192369,64944,1364,26156,5654,15433,14189,27133,2407,19002,16083,15.8,高視聴率層,B,5
D486,3_3人以上,1_1人以下,都市圏,1_持ち家,1_就業,中小企業,既婚,子ども有,2_30〜34歳,1_65歳未満,579.7420635,4673922,727241,44770,143,11814,5146,10940,17148,527736,52622,48692,8225,3.7,中・低視聴率層,A,3
D487,3_3人以上,1_1人以下,都市圏,1_持ち家,1_就業,大企業,既婚,子ども有,2_30〜34歳,1_65歳未満,579.7420635,4989453,186145,39110,427,9074,2262,5244,589,15318,60147,9571,44398,18.4,高視聴率層,A,1
D488,3_3人以上,1_1人以下,都市圏,1_持ち家,1_就業,大企業,既婚,子ども有,2_30〜34歳,1_65歳未満,579.7420635,4498521,194816,50794,162,12728,6000,9664,1362,65710,2742,18181,27469,16,高視聴率層,A,3
D489,3_3人以上,1_1人以下,都市圏,1_持ち家,1_就業,大企業,既婚,子ども有,2_30〜34歳,1_65歳未満,579.7420635,4877223,174627,36220,4080,12579,3768,7213,41068,3969,25739,6068,33919,16.6,高視聴率層,B,3
D490,3_3人以上,1_1人以下,都市圏,1_持ち家,1_就業,中小企業,既婚,子ども有,2_30〜34歳,1_65歳未満,579.7420635,5083039,317630,36667,442,15404,7618,24738,19782,128115,3351,12592,68916,10.7,中・低視聴率層,B,5
D491,3_3人以上,1_1人以下,都市圏,1_持ち家,1_就業,大企業,既婚,子ども有,2_30〜34歳,1_65歳未満,579.7420635,4835027,213903,41989,1974,12910,3361,9255,8714,23859,8386,73308,30142,15.4,高視聴率層,A,1
D492,3_3人以上,1_1人以下,都市圏,1_持ち家,1_就業,大企業,既婚,子ども有,2_30〜34歳,1_65歳未満,579.7420635,4672772,176117,63845,1712,7865,6563,5543,10996,11081,11636,16055,40815,12.2,中・低視聴率層,A,1
D493,3_3人以上,1_1人以下,都市圏,1_持ち家,1_就業,中小企業,既婚,子ども有,2_30〜34歳,1_65歳未満,579.7420635,4912123,164204,39083,505,15027,2374,14357,27590,2057,13321,25351,24535,8,中・低視聴率層,A,1
D494,3_3人以上,1_1人以下,都市圏,1_持ち家,1_就業,大企業,既婚,子ども有,2_30〜34歳,1_65歳未満,579.7420635,4474954,231516,46904,56,13685,3684,18385,9258,82330,4636,1982,50592,15.3,高視聴率層,A,2
D495,3_3人以上,1_1人以下,都市圏,1_持ち家,1_就業,大企業,既婚,子ども有,2_30〜34歳,1_65歳未満,579.7420635,4651075,151581,31005,753,15043,8569,9520,33876,11268,2272,8966,30304,16.8,高視聴率層,B,3
D496,3_3人以上,1_1人以下,都市圏,1_持ち家,1_就業,大企業,既婚,子ども有,2_30〜34歳,1_65歳未満,579.7420635,4551449,224217,38637,89,17709,5166,1739,4696,42942,2890,34061,76283,15.1,高視聴率層,B,3
D497,3_3人以上,1_1人以下,都市圏,1_持ち家,1_就業,大企業,既婚,子ども有,2_30〜34歳,1_65歳未満,579.7420635,4643410,181697,43498,14,21853,1897,7991,13173,42089,22439,5014,23725,9.7,中・低視聴率層,A,3
D498,3_3人以上,1_1人以下,都市圏,1_持ち家,1_就業,中小企業,既婚,子ども有,3_35〜39歳,1_65歳未満,581.6701903,5329171,199816,43755,1222,14060,12252,30029,5097,5510,37245,26891,23750,12.2,中・低視聴率層,A,1
D499,3_3人以上,1_1人以下,都市圏,1_持ち家,1_就業,大企業,既婚,子ども有,3_35〜39歳,1_65歳未満,581.6701903,5355053,221568,47977,287,13906,2853,6741,9046,7365,1305,30984,101100,14.9,高視聴率層,B,3
D500,3_3人以上,1_1人以下,都市圏,1_持ち家,1_就業,大企業,既婚,子ども有,3_35〜39歳,1_65歳未満,581.6701903,5587208,159150,61447,67,11778,7682,6829,22816,5241,4930,18618,19739,15,高視聴率層,A,2
D501,3_3人以上,1_1人以下,都市圏,1_持ち家,1_就業,中小企業,既婚,子ども有,3_35〜39歳,1_65歳未満,581.6701903,5715438,138123,47556,2070,14973,3272,11936,4855,9344,648,12814,30650,5,中・低視聴率層,A,1
D502,3_3人以上,1_1人以下,都市圏,1_持ち家,1_就業,大企業,既婚,子ども有,3_35〜39歳,1_65歳未満,581.6701903,5606300,136730,44361,752,14796,3812,10089,3200,3643,7775,19945,28352,15.5,高視聴率層,A,3
D503,3_3人以上,1_1人以下,都市圏,1_持ち家,1_就業,大企業,既婚,子ども有,3_35〜39歳,1_65歳未満,581.6701903,5563490,280372,92002,22,22859,38925,8886,2016,3607,22809,13630,75612,10.5,中・低視聴率層,A,5
D504,3_3人以上,1_1人以下,都市圏,1_持ち家,1_就業,大企業,既婚,子ども有,3_35〜39歳,1_65歳未満,581.6701903,5251442,229923,35573,287,14803,12559,21430,47608,27259,6689,19180,44530,14.2,高視聴率層,A,2
D505,3_3人以上,1_1人以下,都市圏,1_持ち家,1_就業,中小企業,既婚,子ども有,3_35〜39歳,1_65歳未満,581.6701903,5614241,255961,43912,55,13922,5464,3073,1298,160530,2500,4749,20453,5.6,中・低視聴率層,A,5
D506,3_3人以上,1_1人以下,都市圏,1_持ち家,1_就業,大企業,既婚,子ども有,3_35〜39歳,1_65歳未満,581.6701903,5565126,321586,77211,1968,23012,5802,11946,16648,9315,93795,71708,10175,18,高視聴率層,A,1
D507,3_3人以上,1_1人以下,都市圏,1_持ち家,1_就業,大企業,既婚,子ども有,3_35〜39歳,1_65歳未満,581.6701903,5448218,128906,40766,2761,22141,9996,13428,7431,2950,7318,4827,17283,16.5,高視聴率層,B,3
D508,3_3人以上,1_1人以下,都市圏,1_持ち家,1_就業,大企業,既婚,子ども有,3_35〜39歳,1_65歳未満,581.6701903,5813905,254117,68135,3502,14105,9983,2920,8244,10999,36190,26881,73153,12.7,中・低視聴率層,B,3
D509,3_3人以上,1_1人以下,都市圏,1_持ち家,1_就業,大企業,既婚,子ども有,3_35〜39歳,1_65歳未満,581.6701903,5362129,209731,47579,167,10627,1436,2810,9560,82288,9772,35851,9636,19,高視聴率層,A,3
D510,3_3人以上,1_1人以下,都市圏,1_持ち家,1_就業,中小企業,既婚,子ども有,3_35〜39歳,1_65歳未満,581.6701903,5047822,181802,49442,957,11646,4919,8507,20612,9571,17367,25653,33122,6.9,中・低視聴率層,B,2
D511,3_3人以上,1_1人以下,都市圏,1_持ち家,1_就業,大企業,既婚,子ども有,3_35〜39歳,1_65歳未満,581.6701903,5066066,485686,32549,12,12470,12795,6997,9394,330503,4842,25649,50470,15.5,高視聴率層,B,5
D512,3_3人以上,1_1人以下,都市圏,1_持ち家,1_就業,大企業,既婚,子ども有,3_35〜39歳,1_65歳未満,581.6701903,5223524,237988,55721,1110,13761,13364,19744,5721,1724,1528,14033,111275,14.7,高視聴率層,B,4
D513,3_3人以上,1_1人以下,都市圏,1_持ち家,1_就業,大企業,既婚,子ども有,3_35〜39歳,1_65歳未満,581.6701903,5458439,182485,49498,1179,10154,14923,23189,10603,7424,4967,47108,13436,9.9,中・低視聴率層,B,3
D514,3_3人以上,1_1人以下,都市圏,1_持ち家,1_就業,大企業,既婚,子ども有,3_35〜39歳,1_65歳未満,581.6701903,5695842,251924,80482,1241,24224,2802,1719,3815,51440,8363,23154,54679,15.1,高視聴率層,B,5
D515,3_3人以上,1_1人以下,都市圏,1_持ち家,1_就業,中小企業,既婚,子ども有,3_35〜39歳,1_65歳未満,581.6701903,5592062,192224,57775,3373,23923,17194,9111,2061,6458,10540,17165,44621,1.9,中・低視聴率層,B,3
D516,3_3人以上,1_1人以下,都市圏,1_持ち家,1_就業,大企業,既婚,子ども有,3_35〜39歳,1_65歳未満,581.6701903,5626861,212861,44904,207,34917,1644,3368,2791,8619,46191,20697,49519,18,高視聴率層,B,5
D517,3_3人以上,1_1人以下,都市圏,1_持ち家,1_就業,大企業,既婚,子ども有,3_35〜39歳,1_65歳未満,581.6701903,5755404,146174,48416,569,21401,2426,5496,22372,12058,1353,10224,21855,11.2,中・低視聴率層,B,5
D518,3_3人以上,1_1人以下,都市圏,1_持ち家,1_就業,大企業,既婚,子ども有,3_35〜39歳,1_65歳未満,581.6701903,5311723,182000,59453,97,16405,1794,15603,13601,9513,4374,46846,14310,17.9,高視聴率層,A,5
D519,3_3人以上,1_1人以下,都市圏,1_持ち家,1_就業,中小企業,既婚,子ども有,3_35〜39歳,1_65歳未満,581.6701903,5215033,209853,51510,2431,21633,5938,13996,8115,24426,3244,23644,54913,5.8,中・低視聴率層,B,5
D520,3_3人以上,1_1人以下,都市圏,1_持ち家,1_就業,大企業,既婚,子ども有,3_35〜39歳,1_65歳未満,581.6701903,5451092,299395,45412,32,19727,12772,2150,2083,61845,20333,69475,65561,16.4,高視聴率層,B,5
D521,3_3人以上,1_1人以下,都市圏,1_持ち家,1_就業,大企業,既婚,子ども有,3_35〜39歳,1_65歳未満,581.6701903,5815989,232964,30272,496,11049,37494,4598,1895,31740,10382,41790,63244,12.5,中・低視聴率層,A,2
D522,3_3人以上,1_1人以下,都市圏,1_持ち家,1_就業,大企業,既婚,子ども有,3_35〜39歳,1_65歳未満,581.6701903,5421365,355289,32335,1154,12379,43910,13517,55668,3980,148398,27499,16445,14,高視聴率層,B,5
D523,3_3人以上,1_1人以下,都市圏,1_持ち家,1_就業,中小企業,既婚,子ども有,3_35〜39歳,1_65歳未満,581.6701903,5195066,163251,38391,15,14709,5939,9980,992,12843,13700,53661,13017,4.4,中・低視聴率層,B,5
D524,3_3人以上,1_1人以下,都市圏,1_持ち家,1_就業,大企業,既婚,子ども有,3_35〜39歳,1_65歳未満,581.6701903,5094725,176326,30419,11236,20940,3123,7160,16127,24249,9116,31403,22546,11.5,中・低視聴率層,B,4
D525,3_3人以上,1_1人以下,都市圏,1_持ち家,1_就業,中小企業,既婚,子ども有,3_35〜39歳,1_65歳未満,581.6701903,5593755,265199,56833,1406,9133,8802,2489,3020,112708,8269,14441,48094,9.3,中・低視聴率層,B,3
D526,3_3人以上,1_1人以下,都市圏,1_持ち家,1_就業,大企業,既婚,子ども有,3_35〜39歳,1_65歳未満,581.6701903,5237895,176914,59304,421,17595,3222,36804,5333,17389,2591,21758,12492,14.8,高視聴率層,B,3
D527,3_3人以上,1_1人以下,都市圏,1_持ち家,1_就業,大企業,既婚,子ども有,3_35〜39歳,1_65歳未満,581.6701903,5388154,242036,44487,1064,12446,9488,3351,4805,9197,87095,18515,51584,14.4,高視聴率層,B,5
D528,3_3人以上,1_1人以下,都市圏,1_持ち家,1_就業,大企業,既婚,子ども有,3_35〜39歳,1_65歳未満,581.6701903,5474530,177258,44760,4601,15573,17623,6677,4519,30445,7766,19020,26269,6.1,中・低視聴率層,A,5
D529,3_3人以上,1_1人以下,都市圏,1_持ち家,1_就業,大企業,既婚,子ども有,3_35〜39歳,1_65歳未満,581.6701903,5343962,359263,72052,13114,19372,1727,6353,14270,174980,9681,10264,37444,14.3,高視聴率層,A,3
D530,3_3人以上,1_1人以下,都市圏,1_持ち家,1_就業,大企業,既婚,子ども有,3_35〜39歳,1_65歳未満,581.6701903,5772304,235981,33853,79053,14494,8591,1941,8154,5846,32451,43606,7988,15,高視聴率層,A,4
D531,3_3人以上,1_1人以下,都市圏,1_持ち家,1_就業,大企業,既婚,子ども有,4_40〜44歳,1_65歳未満,596.6934461,6483195,169677,36638,3303,15503,1870,29849,32372,6058,14866,19990,9225,14.9,高視聴率層,A,3
D532,3_3人以上,1_1人以下,都市圏,1_持ち家,1_就業,大企業,既婚,子ども有,4_40〜44歳,1_65歳未満,596.6934461,6656137,197117,46894,277,16237,2973,2684,9141,27360,8629,50557,32362,15.8,高視聴率層,A,2
D533,3_3人以上,1_1人以下,都市圏,1_持ち家,1_就業,大企業,既婚,子ども有,4_40〜44歳,1_65歳未満,596.6934461,6794643,305696,126973,31,30997,17762,2141,10237,6353,10446,79689,21062,6.2,中・低視聴率層,B,3
D534,3_3人以上,1_1人以下,都市圏,1_持ち家,1_就業,大企業,既婚,子ども有,4_40〜44歳,1_65歳未満,596.6934461,6472365,240081,68897,12,16985,7946,13399,23717,19300,39477,23706,26637,14.8,高視聴率層,A,3
D535,3_3人以上,1_1人以下,都市圏,1_持ち家,1_就業,大企業,既婚,子ども有,4_40〜44歳,1_65歳未満,596.6934461,6927647,215720,64867,4698,20332,3922,16669,8623,18217,9739,24755,43894,14.5,高視聴率層,A,2
D536,3_3人以上,1_1人以下,都市圏,1_持ち家,1_就業,大企業,既婚,子ども有,4_40〜44歳,1_65歳未満,596.6934461,6282081,268299,83329,945,24837,26090,2368,4435,49152,13541,14833,48765,15.7,高視聴率層,B,4
D537,3_3人以上,1_1人以下,都市圏,1_持ち家,1_就業,大企業,既婚,子ども有,4_40〜44歳,1_65歳未満,596.6934461,6955072,266885,72517,250,30303,12379,1026,12823,9580,8830,41651,77521,17.5,高視聴率層,A,5
D538,3_3人以上,1_1人以下,都市圏,1_持ち家,1_就業,中小企業,既婚,子ども有,4_40〜44歳,1_65歳未満,596.6934461,6611159,360403,80927,70,20477,18970,6568,7555,119303,35951,21291,49287,9.2,中・低視聴率層,A,2
D539,3_3人以上,1_1人以下,都市圏,1_持ち家,1_就業,大企業,既婚,子ども有,4_40〜44歳,1_65歳未満,596.6934461,6473551,271105,91511,2728,26563,16084,9298,8904,28112,13839,52355,21706,14.9,高視聴率層,B,3
D540,3_3人以上,1_1人以下,都市圏,1_持ち家,1_就業,大企業,既婚,子ども有,4_40〜44歳,1_65歳未満,596.6934461,6509201,436714,72573,422,21527,1426,26413,3075,206435,16428,47764,40645,16.8,高視聴率層,B,5
D541,3_3人以上,1_1人以下,都市圏,1_持ち家,1_就業,大企業,既婚,子ども有,4_40〜44歳,1_65歳未満,596.6934461,7035783,293354,69980,12735,19612,26317,7397,5494,20045,64960,22260,44550,15.8,高視聴率層,B,2
D542,3_3人以上,1_1人以下,都市圏,1_持ち家,1_就業,大企業,既婚,子ども有,4_40〜44歳,1_65歳未満,596.6934461,6510542,227265,48083,525,9889,19974,19188,2894,23630,17868,19432,65777,7.2,中・低視聴率層,B,5
D543,3_3人以上,1_1人以下,都市圏,1_持ち家,1_就業,中小企業,既婚,子ども有,4_40〜44歳,1_65歳未満,596.6934461,7129393,205654,50921,575,16812,1706,7132,19532,14003,4499,57327,33142,11.9,中・低視聴率層,A,1
D544,3_3人以上,1_1人以下,都市圏,1_持ち家,1_就業,大企業,既婚,子ども有,4_40〜44歳,1_65歳未満,596.6934461,6803204,352097,85033,5263,27700,7773,5675,3257,131946,4892,40555,39998,16.8,高視聴率層,A,1
D545,3_3人以上,1_1人以下,都市圏,1_持ち家,1_就業,大企業,既婚,子ども有,4_40〜44歳,1_65歳未満,596.6934461,7100232,293641,76331,468,23217,2260,28518,16247,72577,10909,22475,40633,14.2,高視聴率層,A,1
D546,3_3人以上,1_1人以下,都市圏,1_持ち家,1_就業,大企業,既婚,子ども有,4_40〜44歳,1_65歳未満,596.6934461,6317259,308605,75325,7147,20034,5337,11980,13697,127801,12941,18936,15402,11.6,中・低視聴率層,A,3
D547,3_3人以上,1_1人以下,都市圏,1_持ち家,1_就業,中小企業,既婚,子ども有,4_40〜44歳,1_65歳未満,596.6934461,6693144,191612,64332,105,18936,17416,7020,14439,11327,5775,37307,14950,5.9,中・低視聴率層,B,4
D548,3_3人以上,1_1人以下,都市圏,1_持ち家,1_就業,大企業,既婚,子ども有,4_40〜44歳,1_65歳未満,596.6934461,6849466,466309,59328,5521,16298,1822,9743,9136,237258,62942,42609,21647,16.5,高視聴率層,B,3
D549,3_3人以上,1_1人以下,都市圏,1_持ち家,1_就業,大企業,既婚,子ども有,4_40〜44歳,1_65歳未満,596.6934461,6338925,203854,69605,161,12155,16278,12576,6370,3635,9031,32478,41560,3.8,中・低視聴率層,A,1
D550,3_3人以上,1_1人以下,都市圏,1_持ち家,1_就業,大企業,既婚,子ども有,4_40〜44歳,1_65歳未満,596.6934461,6473270,226501,71233,4947,12339,689,6288,14395,8239,60233,35680,12454,14.3,高視聴率層,B,4
D551,3_3人以上,1_1人以下,都市圏,1_持ち家,1_就業,中小企業,既婚,子ども有,4_40〜44歳,1_65歳未満,596.6934461,6283406,329278,60248,1523,17576,1558,9622,3373,30749,54016,105466,45143,12.5,中・低視聴率層,B,3
D552,3_3人以上,1_1人以下,都市圏,1_持ち家,1_就業,大企業,既婚,子ども有,4_40〜44歳,1_65歳未満,596.6934461,7298639,222144,58119,1158,16880,11552,8841,3564,26815,12664,53982,28565,18.4,高視聴率層,A,3
D553,3_3人以上,1_1人以下,都市圏,1_持ち家,1_就業,大企業,既婚,子ども有,4_40〜44歳,1_65歳未満,596.6934461,6650535,150734,42555,6288,7838,23685,6423,4063,5472,7720,22239,24447,17.4,高視聴率層,B,3
D554,3_3人以上,1_1人以下,都市圏,1_持ち家,1_就業,大企業,既婚,子ども有,4_40〜44歳,1_65歳未満,596.6934461,6600790,295394,70446,3526,27882,6558,26628,2786,24901,85749,22475,24438,15.6,高視聴率層,B,4
D555,3_3人以上,1_1人以下,都市圏,1_持ち家,1_就業,大企業,既婚,子ども有,4_40〜44歳,1_65歳未満,596.6934461,6442941,685899,75196,55,24168,16414,9373,17116,479483,8414,38424,17250,11.8,中・低視聴率層,B,5
D556,3_3人以上,1_1人以下,都市圏,1_持ち家,1_就業,中小企業,既婚,子ども有,4_40〜44歳,1_65歳未満,596.6934461,6666032,225308,56405,4429,16873,6682,23652,4494,6850,27034,17982,60902,12.2,中・低視聴率層,B,2
D557,3_3人以上,1_1人以下,都市圏,1_持ち家,1_就業,大企業,既婚,子ども有,4_40〜44歳,1_65歳未満,596.6934461,6787132,298667,89693,2618,21337,15274,48033,3600,38760,26034,38471,14842,16.8,高視聴率層,B,4
D558,3_3人以上,1_1人以下,都市圏,1_持ち家,1_就業,大企業,既婚,子ども有,4_40〜44歳,1_65歳未満,596.6934461,6264583,380132,152684,4853,28143,13233,21198,7358,79332,6796,35671,30858,11.7,中・低視聴率層,A,2
D559,3_3人以上,1_1人以下,都市圏,1_持ち家,1_就業,中小企業,既婚,子ども有,4_40〜44歳,1_65歳未満,596.6934461,6912019,154766,27594,135,12480,1864,6997,15473,13996,2363,18116,55743,11.7,中・低視聴率層,B,5
D560,3_3人以上,1_1人以下,都市圏,1_持ち家,1_就業,大企業,既婚,子ども有,4_40〜44歳,1_65歳未満,596.6934461,6754811,245498,88829,321,20795,5309,11918,11964,14663,15956,26221,49516,15,高視聴率層,B,5
D561,3_3人以上,1_1人以下,都市圏,1_持ち家,1_就業,大企業,既婚,子ども有,4_40〜44歳,1_65歳未満,596.6934461,6923935,164205,62197,27,15672,3720,3672,3273,17603,19329,13536,25173,16.7,高視聴率層,B,3
D562,3_3人以上,1_1人以下,都市圏,1_持ち家,1_就業,大企業,既婚,子ども有,5_45〜49歳,1_65歳未満,603.160804,6622535,254021,78168,13184,29472,2189,14153,4616,7995,37906,9690,56642,19.5,高視聴率層,A,3
D563,3_3人以上,1_1人以下,都市圏,1_持ち家,1_就業,大企業,既婚,子ども有,5_45〜49歳,1_65歳未満,603.160804,7355128,448973,113393,12627,36415,1754,8009,8199,79939,7578,12893,168161,9,中・低視聴率層,A,4
D564,3_3人以上,1_1人以下,都市圏,1_持ち家,1_就業,中小企業,既婚,子ども有,5_45〜49歳,1_65歳未満,603.160804,6822606,1256750,62658,101,16425,4094,19596,5100,765858,104564,248387,29963,11.4,中・低視聴率層,B,5
D565,3_3人以上,1_1人以下,都市圏,1_持ち家,1_就業,大企業,既婚,子ども有,5_45〜49歳,1_65歳未満,603.160804,7093297,403951,97854,904,13922,15290,22111,1477,8918,21400,136209,85859,15.4,高視聴率層,A,2
D566,3_3人以上,1_1人以下,都市圏,1_持ち家,1_就業,大企業,既婚,子ども有,5_45〜49歳,1_65歳未満,603.160804,7080428,478920,130101,6096,29471,480,6782,681,63130,100739,114373,27063,10.1,中・低視聴率層,B,3
D567,3_3人以上,1_1人以下,都市圏,1_持ち家,1_就業,大企業,既婚,子ども有,5_45〜49歳,1_65歳未満,603.160804,8018016,437274,105722,23,40224,19147,11385,21897,11739,26555,16392,184185,15.1,高視聴率層,A,1
D568,3_3人以上,1_1人以下,都市圏,1_持ち家,1_就業,大企業,既婚,子ども有,5_45〜49歳,1_65歳未満,603.160804,6864330,240896,81949,31,34103,8453,3956,16463,10381,13616,13148,58790,14.4,高視聴率層,A,5
D569,3_3人以上,1_1人以下,都市圏,1_持ち家,1_就業,大企業,既婚,子ども有,5_45〜49歳,1_65歳未満,603.160804,6774662,378376,169827,323,41494,3865,17708,13745,37226,19648,8070,66465,14.7,高視聴率層,A,2
D570,3_3人以上,1_1人以下,都市圏,1_持ち家,1_就業,大企業,既婚,子ども有,5_45〜49歳,1_65歳未満,603.160804,7211635,256452,81955,1111,25217,1334,20729,20130,78654,12677,6390,8250,16.5,高視聴率層,A,4
D571,3_3人以上,1_1人以下,都市圏,1_持ち家,1_就業,大企業,既婚,子ども有,5_45〜49歳,1_65歳未満,603.160804,6594696,260729,79843,378,28964,21941,3727,9396,26015,49991,20001,20468,9.2,中・低視聴率層,A,5
D572,3_3人以上,1_1人以下,都市圏,1_持ち家,1_就業,中小企業,既婚,子ども有,5_45〜49歳,1_65歳未満,603.160804,6628926,294865,122805,129,34932,5518,9484,8382,4964,60454,19494,28699,12.4,中・低視聴率層,B,3
D573,3_3人以上,1_1人以下,都市圏,1_持ち家,1_就業,大企業,既婚,子ども有,5_45〜49歳,1_65歳未満,603.160804,7145660,319488,74083,17,10768,7882,22673,3592,3531,23602,28122,145213,14.4,高視聴率層,A,2
D574,3_3人以上,1_1人以下,都市圏,1_持ち家,1_就業,大企業,既婚,子ども有,5_45〜49歳,1_65歳未満,603.160804,7194689,241466,95699,287,10247,7802,9322,5179,29304,31493,32262,19868,10.7,中・低視聴率層,A,4
D575,3_3人以上,1_1人以下,都市圏,1_持ち家,1_就業,中小企業,既婚,子ども有,5_45〜49歳,1_65歳未満,603.160804,7325284,263402,73584,1127,19052,6087,7842,11801,13551,8002,20707,101646,7.5,中・低視聴率層,A,3
D576,3_3人以上,1_1人以下,都市圏,1_持ち家,1_就業,大企業,既婚,子ども有,5_45〜49歳,1_65歳未満,603.160804,7302957,244929,82835,246,23180,15420,5768,4671,12564,21923,18042,60274,16.8,高視聴率層,B,3
D577,3_3人以上,1_1人以下,都市圏,1_持ち家,1_就業,大企業,既婚,子ども有,5_45〜49歳,1_65歳未満,603.160804,7181421,168474,54648,1163,13230,1101,3122,9675,40130,19882,20524,4995,17.9,高視聴率層,B,5
D578,3_3人以上,1_1人以下,都市圏,1_持ち家,1_就業,大企業,既婚,子ども有,5_45〜49歳,1_65歳未満,603.160804,6597518,295679,73801,93,22688,14379,16805,29434,29451,5082,22772,81171,14.2,高視聴率層,B,5
D579,3_3人以上,1_1人以下,都市圏,1_持ち家,1_就業,大企業,既婚,子ども有,5_45〜49歳,1_65歳未満,603.160804,6817754,403383,92716,62,24654,8165,6199,4812,74436,96619,76364,19352,11.7,中・低視聴率層,A,3
D580,3_3人以上,1_1人以下,都市圏,1_持ち家,1_就業,大企業,既婚,子ども有,5_45〜49歳,1_65歳未満,603.160804,6858198,203755,49633,464,12889,3944,2012,8512,64168,7177,14718,40233,14.4,高視聴率層,A,5
D581,3_3人以上,1_1人以下,都市圏,1_持ち家,1_就業,大企業,既婚,子ども有,5_45〜49歳,1_65歳未満,603.160804,7134808,303253,79593,1550,28431,9977,12479,2304,19681,39540,22649,87046,14.2,高視聴率層,A,3
D582,3_3人以上,1_1人以下,都市圏,1_持ち家,1_就業,中小企業,既婚,子ども有,5_45〜49歳,1_65歳未満,603.160804,7025195,532352,99630,840,19657,3815,4694,13594,14254,26325,38482,311056,5,中・低視聴率層,B,3
D583,3_3人以上,1_1人以下,都市圏,1_持ち家,1_就業,大企業,既婚,子ども有,5_45〜49歳,1_65歳未満,603.160804,6782290,393902,95309,12674,21390,17902,8695,3197,55722,146450,12752,19806,14.1,高視聴率層,A,4
D584,3_3人以上,1_1人以下,都市圏,1_持ち家,1_就業,大企業,既婚,子ども有,5_45〜49歳,1_65歳未満,603.160804,7088218,207892,85278,249,20830,1133,9129,8327,10987,2218,23064,46672,4.6,中・低視聴率層,B,5
D585,3_3人以上,1_1人以下,都市圏,1_持ち家,1_就業,大企業,既婚,子ども有,5_45〜49歳,1_65歳未満,603.160804,6648884,312516,69892,13102,18899,3136,11186,75808,24135,8227,40225,47901,15.3,高視聴率層,B,3
D586,3_3人以上,1_1人以下,都市圏,1_持ち家,1_就業,大企業,既婚,子ども有,5_45〜49歳,1_65歳未満,603.160804,7253996,265909,86278,3331,26658,7020,12626,9547,9080,7775,26783,76807,15.8,高視聴率層,B,2
D587,3_3人以上,1_1人以下,都市圏,1_持ち家,1_就業,大企業,既婚,子ども有,5_45〜49歳,1_65歳未満,603.160804,7045789,268954,92909,1563,26249,11906,23863,6588,32321,2522,37982,33045,19.6,高視聴率層,B,5
D588,3_3人以上,1_1人以下,都市圏,1_持ち家,1_就業,大企業,既婚,子ども有,5_45〜49歳,1_65歳未満,603.160804,7280315,376658,85254,1423,21049,76463,4761,4274,4136,36492,120639,22162,8,中・低視聴率層,A,4
D589,3_3人以上,1_1人以下,都市圏,1_持ち家,1_就業,中小企業,既婚,子ども有,6_50〜54歳,1_65歳未満,594.2463768,7413776,604006,82689,926,17766,4951,5047,1120,100086,33661,39409,318347,12.4,中・低視聴率層,A,3
D590,3_3人以上,1_1人以下,都市圏,1_持ち家,1_就業,大企業,既婚,子ども有,6_50〜54歳,1_65歳未満,594.2463768,7455668,504984,77106,3198,27178,4275,8771,24089,27372,259647,52058,21286,17.2,高視聴率層,B,3
D591,3_3人以上,1_1人以下,都市圏,1_持ち家,1_就業,大企業,既婚,子ども有,6_50〜54歳,1_65歳未満,594.2463768,7556780,367708,95685,771,35160,8232,14413,1493,42772,87018,19511,62651,3.2,中・低視聴率層,B,5
D592,3_3人以上,1_1人以下,都市圏,1_持ち家,1_就業,中小企業,既婚,子ども有,6_50〜54歳,1_65歳未満,594.2463768,7563338,424130,145549,30966,27203,7162,4853,13958,8113,29352,9248,147721,4.5,中・低視聴率層,A,3
D593,3_3人以上,1_1人以下,都市圏,1_持ち家,1_就業,大企業,既婚,子ども有,6_50〜54歳,1_65歳未満,594.2463768,7544648,231024,96241,647,19789,1717,7715,9785,6507,25979,19783,42857,16.6,高視聴率層,B,4
D594,3_3人以上,1_1人以下,都市圏,1_持ち家,1_就業,大企業,既婚,子ども有,6_50〜54歳,1_65歳未満,594.2463768,8206289,194844,59385,20355,17045,4030,6038,22662,21402,8918,20082,14922,15.9,高視聴率層,B,5
D595,3_3人以上,1_1人以下,都市圏,1_持ち家,1_就業,大企業,既婚,子ども有,6_50〜54歳,1_65歳未満,594.2463768,8572309,285570,123655,274,28425,1257,6998,12807,11211,24624,48261,28056,19.3,高視聴率層,B,4
D596,3_3人以上,1_1人以下,都市圏,1_持ち家,1_就業,大企業,既婚,子ども有,6_50〜54歳,1_65歳未満,594.2463768,7626172,315936,103203,248,11295,40226,8729,11197,35121,64625,22797,18493,17.4,高視聴率層,B,4
D597,3_3人以上,1_1人以下,都市圏,1_持ち家,1_就業,大企業,既婚,子ども有,6_50〜54歳,1_65歳未満,594.2463768,7227128,369177,100320,7132,20156,137443,7649,1371,19876,4466,15723,55035,7.9,中・低視聴率層,A,1
D598,3_3人以上,1_1人以下,都市圏,1_持ち家,1_就業,大企業,既婚,子ども有,6_50〜54歳,1_65歳未満,594.2463768,8174446,160200,39589,8605,13456,16511,7108,2997,16712,6792,13049,35376,14.6,高視聴率層,B,3
D599,3_3人以上,1_1人以下,都市圏,1_持ち家,1_就業,中小企業,既婚,子ども有,6_50〜54歳,1_65歳未満,594.2463768,7059680,363954,89575,643,33987,9207,13812,1428,13182,112479,9613,80022,13.2,中・低視聴率層,B,5
D600,3_3人以上,1_1人以下,都市圏,1_持ち家,1_就業,大企業,既婚,子ども有,6_50〜54歳,1_65歳未満,594.2463768,7940177,324557,127613,966,22524,59932,9075,3672,28641,6902,52698,12529,15.3,高視聴率層,A,3
